Distance,Elevation,SLength,road
17.611807703830003,45.9321084335,9.16993697846,raraku_southcoast
26.042594843280003,45.2429000501,8.43078713945,raraku_southcoast
34.473652850140006,45.0310289715,8.43105800686,raraku_southcoast
42.90523824883,44.8229440014,8.43158539869,raraku_southcoast
51.335063287800004,44.5813867832,8.42982503897,raraku_southcoast
59.766131695830005,44.4120711659,8.43106840803,raraku_southcoast
68.19634382449,44.1892886024,8.43021212866,raraku_southcoast
76.62675281138,44.0088950839,8.43040898689,raraku_southcoast
85.05575583273,43.8126471323,8.42900302135,raraku_southcoast
93.48394571317,43.6909528287,8.42818988044,raraku_southcoast
101.9129448275,43.6651964075,8.42899911433,raraku_southcoast
110.34139347777,43.5437730973,8.42844865027,raraku_southcoast
118.77115322109,43.5815999449,8.42975974332,raraku_southcoast
127.20266645186,43.5815999449,8.43151323077,raraku_southcoast
135.63183338737,43.3425750016,8.42916693551,raraku_southcoast
144.06145890846,43.2801666057,8.42962552109,raraku_southcoast
152.49870988202,43.1210942901,8.43725097356,raraku_southcoast
160.92686185197,42.7338554026,8.42815196995,raraku_southcoast
169.35504367611,42.7434213131,8.42818182414,raraku_southcoast
177.78409709543,42.7434213131,8.42905341932,raraku_southcoast
186.2254039388,42.8656161068,8.44130684337,raraku_southcoast
194.66432080542,43.1083481196,8.43891686662,raraku_southcoast
203.0962815739,43.1083481196,8.43196076848,raraku_southcoast
211.52885649419,43.1279549754,8.43257492029,raraku_southcoast
219.96224636271,43.1279549754,8.43338986852,raraku_southcoast
228.39718017264,42.892053254,8.43493380993,raraku_southcoast
236.82919733145,42.774587119,8.43201715881,raraku_southcoast
245.26136620786,43.0357183695,8.43216887641,raraku_southcoast
253.69547069074,43.0357183695,8.43410448288,raraku_southcoast
262.12496715965,42.7301467744,8.42949646891,raraku_southcoast
270.55891833232,42.6223404214,8.43395117267,raraku_southcoast
278.98745457922,42.3088919204,8.4285362469,raraku_southcoast
287.41632027749,42.3373591913,8.42886569827,raraku_southcoast
295.84542254569,42.3373591913,8.4291022682,raraku_southcoast
304.27360360509,42.2098784402,8.4281810594,raraku_southcoast
312.7034907177,42.1789990296,8.42988711261,raraku_southcoast
321.14382853067997,42.0670924874,8.44033781298,raraku_southcoast
329.57997756364995,41.6889710562,8.43614903297,raraku_southcoast
338.01317887265,41.3211014082,8.433201309,raraku_southcoast
346.45457226358997,41.0322866999,8.44139339094,raraku_southcoast
354.89358636893996,40.559169428,8.43901410535,raraku_southcoast
363.33513499053,40.1305942957,8.44154862159,raraku_southcoast
371.76602037207,39.6549284892,8.43088538154,raraku_southcoast
380.20345782383,39.4417262525,8.43743745176,raraku_southcoast
388.63658049905996,39.0527940638,8.43312267523,raraku_southcoast
397.06587008662996,38.7624914343,8.42928958757,raraku_southcoast
405.51706338020995,38.627344808,8.45119329358,raraku_southcoast
413.95460903624996,38.0033370801,8.43754565604,raraku_southcoast
422.38405730789,37.604948921,8.42944827164,raraku_southcoast
430.81310113449996,37.455564412,8.42904382661,raraku_southcoast
439.24214525199994,37.3313349272,8.4290441175,raraku_southcoast
447.67235184110996,37.3941784945,8.43020658911,raraku_southcoast
456.10167132705,37.5361100339,8.42931948594,raraku_southcoast
464.53002605432,37.5361100339,8.42835472727,raraku_southcoast
472.96143894017,37.4738125676,8.43141288585,raraku_southcoast
481.40756691062,37.238353821,8.44612797045,raraku_southcoast
489.84135583134,36.6871775707,8.43378892072,raraku_southcoast
498.27697284999005,36.6751819531,8.43561701865,raraku_southcoast
506.70644322410004,36.5872437601,8.42947037411,raraku_southcoast
515.13469199017,36.4366171774,8.42824876607,raraku_southcoast
523.56422936031,36.390847943,8.42953737014,raraku_southcoast
531.9929534438601,36.3370523319,8.42872408355,raraku_southcoast
540.4294546274401,36.3544521637,8.43650118358,raraku_southcoast
548.8580479625601,36.4433520429,8.42859333512,raraku_southcoast
557.2873280913901,36.4442787306,8.42928012883,raraku_southcoast
565.7170469785201,36.5558232079,8.42971888713,raraku_southcoast
574.1464871478101,36.7047498088,8.42944016929,raraku_southcoast
582.5774703457602,36.9242839973,8.43098319795,raraku_southcoast
591.0185118946902,37.3910815895,8.44104154893,raraku_southcoast
599.4471145789001,37.4808633785,8.42860268421,raraku_southcoast
607.9065439235901,38.1657873111,8.45942934469,raraku_southcoast
616.3346791861801,38.1792617633,8.42813526259,raraku_southcoast
624.7643055716801,38.338379885,8.4296263855,raraku_southcoast
633.1980163002901,38.6452906695,8.43371072861,raraku_southcoast
641.6358355428001,39.0448360984,8.43781924251,raraku_southcoast
650.1033114493201,39.8602291331,8.46747590652,raraku_southcoast
658.5330686422201,40.0261324238,8.4297571929,raraku_southcoast
667.0111573477301,40.9340967,8.47808870551,raraku_southcoast
675.50534074226,41.9913899927,8.49418339453,raraku_southcoast
683.97498339132,42.8259130409,8.46964264906,raraku_southcoast
692.4143125794201,43.2010694611,8.4393291881,raraku_southcoast
700.8587754767601,43.5726760114,8.44446289734,raraku_southcoast
709.2891043742701,43.7654527928,8.43032889751,raraku_southcoast
717.7234405743301,44.0890956474,8.43433620006,raraku_southcoast
726.1528044231601,44.2336378762,8.42936384883,raraku_southcoast
734.58499566777,44.4954581309,8.43219124461,raraku_southcoast
743.01335146733,44.5579003296,8.42835579956,raraku_southcoast
751.44225682637,44.5579003296,8.42890535904,raraku_southcoast
759.87069523754,44.5376798665,8.42843841117,raraku_southcoast
768.30076313601,44.6459401271,8.43006789847,raraku_southcoast
776.7337391869,44.6821247805,8.43297605089,raraku_southcoast
785.1653745012401,44.9254180732,8.43163531434,raraku_southcoast
793.6027503433501,45.3204227212,8.43737584211,raraku_southcoast
802.0311097815501,45.3204227212,8.4283594382,raraku_southcoast
810.4595604198901,45.3507716688,8.42845063834,raraku_southcoast
818.8900195865501,45.3507716688,8.43045916666,raraku_southcoast
827.3199132593202,45.3250786308,8.42989367277,raraku_southcoast
835.7480833258002,45.3250786308,8.42817006648,raraku_southcoast
844.1763786066601,45.2973616605,8.42829528086,raraku_southcoast
852.6048425297101,45.2437060713,8.42846392305,raraku_southcoast
861.0334161037902,45.1680644327,8.42857357408,raraku_southcoast
869.4638857276302,45.081058308,8.43046962384,raraku_southcoast
877.8942390945102,44.8822226029,8.43035336688,raraku_southcoast
886.3297475847902,44.7963915217,8.43550849028,raraku_southcoast
894.7589938211202,44.5810285758,8.42924623633,raraku_southcoast
903.1881155378602,44.5810285758,8.42912171674,raraku_southcoast
911.6167086890802,44.5055400809,8.42859315122,raraku_southcoast
920.0448519179201,44.5233122721,8.42814322884,raraku_southcoast
928.4745752455301,44.5233122721,8.42972332761,raraku_southcoast
936.9163553158901,44.3591387388,8.44178007036,raraku_southcoast
945.36037930937,43.8791717366,8.44402399348,raraku_southcoast
953.79953737504,43.4348489153,8.43915806567,raraku_southcoast
962.25514820018,43.0034483755,8.45561082514,raraku_southcoast
970.73380390631,42.3222200795,8.47865570613,raraku_southcoast
979.23645769491,41.3979256732,8.5026537886,raraku_southcoast
987.6696497345,40.3090520297,8.43319203959,raraku_southcoast
996.10248013613,40.0167413333,8.43283040163,raraku_southcoast
1004.53553245577,39.735056841,8.43305231964,raraku_southcoast
1012.9649327454599,39.4468052345,8.42940028969,raraku_southcoast
1021.3956735817499,39.3785587614,8.43074083629,raraku_southcoast
1029.8240797832998,39.3785587614,8.42840620155,raraku_southcoast
1038.25336455436,39.3096481991,8.42928477106,raraku_southcoast
1046.6845736308799,39.16979357,8.43120907652,raraku_southcoast
1055.11272426629,38.9627425126,8.42815063541,raraku_southcoast
1063.5457580647399,38.9627425126,8.43303379845,raraku_southcoast
1071.97428442084,38.6750332652,8.4285263561,raraku_southcoast
1080.4025586972998,38.6223655021,8.42827427646,raraku_southcoast
1088.8322261387398,38.7836439553,8.42966744144,raraku_southcoast
1097.2603563095097,38.7934287169,8.42813017077,raraku_southcoast
1105.6895323442598,38.7934287169,8.42917603475,raraku_southcoast
1114.1259166733398,39.0335155928,8.43638432908,raraku_southcoast
1122.5556051119797,39.1958878158,8.42968843864,raraku_southcoast
1130.9851930951397,39.1958878158,8.42958798316,raraku_southcoast
1139.4139122021998,39.0388173412,8.42871910706,raraku_southcoast
1147.8462383485198,39.2048618699,8.43232614632,raraku_southcoast
1156.2787111573398,39.4719320505,8.43247280882,raraku_southcoast
1164.7101605492198,39.7086944059,8.43144939188,raraku_southcoast
1173.1581114870098,40.2423889015,8.44795093779,raraku_southcoast
1181.6117162417497,40.8982478159,8.45360475474,raraku_southcoast
1190.0713691173796,41.6279356548,8.45965287563,raraku_southcoast
1198.5079253449596,41.8615613009,8.43655622758,raraku_southcoast
1206.9675057852096,42.5565673254,8.45958044025,raraku_southcoast
1215.4650468319896,43.6405052361,8.49754104678,raraku_southcoast
1223.9749018713396,44.8150841815,8.50985503935,raraku_southcoast
1232.4355789858096,45.5465777229,8.46067711447,raraku_southcoast
1240.8721624478696,45.9242787713,8.43658346206,raraku_southcoast
1249.3006989529797,46.0076165285,8.42853650511,raraku_southcoast
1257.7288239835898,46.0076165285,8.42812503061,raraku_southcoast
1266.1614494488897,46.1194459227,8.4326254653,raraku_southcoast
1274.5896113536096,45.9598138067,8.42816190472,raraku_southcoast
1283.0185044351697,45.9347004791,8.42889308156,raraku_southcoast
1291.4526345990796,45.849052057,8.43413016391,raraku_southcoast
1299.8809572778896,45.5308238523,8.42832267881,raraku_southcoast
1308.3162530220695,45.4730247396,8.43529574418,raraku_southcoast
1316.7533444991795,45.125272134,8.43709147711,raraku_southcoast
1325.1819817808096,44.7368920453,8.42863728163,raraku_southcoast
1333.6148551715496,44.7883178578,8.43287339074,raraku_southcoast
1342.0452401415196,44.6698386128,8.43038496997,raraku_southcoast
1350.4847978552896,44.474625178,8.43955771377,raraku_southcoast
1358.9190764516695,44.0354760187,8.43427859638,raraku_southcoast
1367.3696460532794,43.7133378488,8.45056960161,raraku_southcoast
1375.8183289621995,43.1415481149,8.44868290892,raraku_southcoast
1384.2824432865996,42.5525146234,8.4641143244,raraku_southcoast
1392.7248932578595,41.774434772,8.44244997126,raraku_southcoast
1401.1741490283396,41.2828260944,8.44925577048,raraku_southcoast
1409.6250822331197,40.68563213,8.45093320478,raraku_southcoast
1418.0733628195896,40.0678679805,8.44828058647,raraku_southcoast
1426.5239219321397,39.4863763119,8.45055911255,raraku_southcoast
1434.9776315542797,38.9526551674,8.45370962214,raraku_southcoast
1443.4103189363898,38.3062994513,8.43268738211,raraku_southcoast
1451.8415533217399,38.0289295729,8.43123438535,raraku_southcoast
1460.26988716336,37.85935644,8.42833384162,raraku_southcoast
1468.70591926003,37.9085165886,8.43603209667,raraku_southcoast
1477.1352595225,37.7968467016,8.42934026247,raraku_southcoast
1485.60144556023,38.0780283468,8.46618603773,raraku_southcoast
1494.03717834093,38.0780283468,8.4357327807,raraku_southcoast
1502.51768378492,38.9781085552,8.48050544399,raraku_southcoast
1510.9497764325001,39.2275053454,8.43209264758,raraku_southcoast
1519.37848425949,39.2189968865,8.42870782699,raraku_southcoast
1527.80773221668,39.2471416372,8.42924795719,raraku_southcoast
1536.23592046105,39.2687550974,8.42818824437,raraku_southcoast
1544.6641951988,39.3125913776,8.42827473775,raraku_southcoast
1553.09666631083,39.5107968141,8.43247111203,raraku_southcoast
1561.5248932039299,39.5148976516,8.4282268931,raraku_southcoast
1569.95461712547,39.679101679,8.42972392154,raraku_southcoast
1578.3878731533198,39.9732526623,8.43325602785,raraku_southcoast
1586.8191533901597,40.1897161923,8.43128023684,raraku_southcoast
1595.2479826610197,40.1866334399,8.42882927086,raraku_southcoast
1603.6839053380597,40.4402777717,8.43592267704,raraku_southcoast
1612.1166609739998,40.4402777717,8.43275563594,raraku_southcoast
1620.5450702647,40.2676951242,8.4284092907,raraku_southcoast
1628.97726247561,40.418051756,8.43219221091,raraku_southcoast
1637.40910367421,40.6683786918,8.4318411986,raraku_southcoast
1645.84038801299,40.6683786918,8.43128433878,raraku_southcoast
1654.26931888637,40.4375688979,8.42893087338,raraku_southcoast
1662.69750363256,40.3529743711,8.42818474619,raraku_southcoast
1671.12566417764,40.3776270302,8.42816054508,raraku_southcoast
1679.55943127663,40.3776270302,8.43376709899,raraku_southcoast
1687.98934282019,40.0691711371,8.42991154356,raraku_southcoast
1696.4232892964799,39.9000556193,8.43394647629,raraku_southcoast
1704.85196706636,39.6833074335,8.42867776988,raraku_southcoast
1713.30136227973,39.6833074335,8.44939521337,raraku_southcoast
1721.7369326447401,39.2380058036,8.43557036501,raraku_southcoast
1730.17444862837,38.88365433,8.43751598363,raraku_southcoast
1738.6041752104502,38.6485125716,8.42972658208,raraku_southcoast
1747.0562315245202,38.6485125716,8.45205631407,raraku_southcoast
1755.4970875336103,38.0129234723,8.44085600909,raraku_southcoast
1763.9311331983604,37.575628362,8.43404566475,raraku_southcoast
1772.3609099008204,37.485896413,8.42977670246,raraku_southcoast
1780.8278470986104,37.485896413,8.46693719779,raraku_southcoast
1789.2577700817703,37.3500492097,8.42992298316,raraku_southcoast
1797.6914207791103,37.3500492097,8.43365069734,raraku_southcoast
1806.1314587139004,37.044792513,8.44003793479,raraku_southcoast
1814.5995293438905,36.5965092223,8.46807062999,raraku_southcoast
1823.0323411481104,35.873361143,8.43281180422,raraku_southcoast
1831.4681015012604,35.5922339607,8.43576035315,raraku_southcoast
1839.9038553619405,35.233388168,8.43575386068,raraku_southcoast
1848.3895352585405,34.8746950329,8.4856798966,raraku_southcoast
1856.8261875735705,33.8880436898,8.43665231503,raraku_southcoast
1865.2791096440405,33.5088078107,8.45292207047,raraku_southcoast
1873.7407225528004,32.8618077359,8.46161290876,raraku_southcoast
1882.1747340472505,32.1097368729,8.43401149445,raraku_southcoast
1890.6037145805706,31.7946694899,8.42898053332,raraku_southcoast
1899.0332662932506,31.6745428969,8.42955171268,raraku_southcoast
1907.4613908430706,31.5194311888,8.42812454982,raraku_southcoast
1915.8902805356206,31.6320077662,8.42888969255,raraku_southcoast
1924.3370034086506,32.1922263477,8.44672287303,raraku_southcoast
1932.7850574620106,32.2166877332,8.44805405336,raraku_southcoast
1941.2155595970007,31.8617532504,8.43050213499,raraku_southcoast
1949.6695351943706,32.3500107542,8.45397559737,raraku_southcoast
1958.0977687046407,32.1781703469,8.42823351027,raraku_southcoast
1966.5270689055806,32.2760837969,8.42930020094,raraku_southcoast
1974.9553858037805,32.3330337981,8.4283168982,raraku_southcoast
1983.3900780604904,32.6658265765,8.43469225671,raraku_southcoast
1991.8188962563604,32.751849488,8.42881819587,raraku_southcoast
2000.2506391763804,32.9948702172,8.43174292002,raraku_southcoast
2008.6838074404404,33.2864941767,8.43316826406,raraku_southcoast
2017.1120009748404,33.2864941767,8.4281935344,raraku_southcoast
2025.5438133432003,33.5017333147,8.43181236836,raraku_southcoast
2033.9741584089804,33.6952158602,8.43034506578,raraku_southcoast
2042.4054033592004,33.904986834,8.43124495022,raraku_southcoast
2050.8336342010903,33.9473270304,8.42823084189,raraku_southcoast
2059.2619792263604,33.9473270304,8.42834502527,raraku_southcoast
2067.6901935457704,33.8863562916,8.42821431941,raraku_southcoast
2076.1185844624706,33.8474438271,8.4283909167,raraku_southcoast
2084.5545844733206,33.7925358553,8.43600001085,raraku_southcoast
2093.005158287551,33.4280996454,8.45057381423,raraku_southcoast
2101.437122899071,32.8125386364,8.43196461152,raraku_southcoast
2109.868419366781,32.5580886883,8.43129646771,raraku_southcoast
2118.296833411111,32.3268362408,8.42841404433,raraku_southcoast
2126.725993053291,32.2569730296,8.42915964218,raraku_southcoast
2135.154226796291,32.1248751967,8.428233743,raraku_southcoast
2143.583114524861,32.0819613677,8.42888772857,raraku_southcoast
2152.0185567702806,31.9685333883,8.43544224542,raraku_southcoast
2160.4467523987205,31.6172451287,8.42819562844,raraku_southcoast
2168.8750913983004,31.5988361199,8.42833899958,raraku_southcoast
2177.3040848822,31.6776346044,8.4289934839,raraku_southcoast
2185.7331279499904,31.802071758,8.42904306779,raraku_southcoast
2194.1622489930305,31.9316831987,8.42912104304,raraku_southcoast
2202.5910468235807,32.0382216183,8.42879783055,raraku_southcoast
2211.0194215880806,32.0382216183,8.4283747645,raraku_southcoast
2219.4533937252804,31.9732698031,8.4339721372,raraku_southcoast
2227.8887743660102,31.6873193088,8.43538064073,raraku_southcoast
2236.3274376365403,31.3375134751,8.43866327053,raraku_southcoast
2244.7848687171304,30.9159030402,8.45743108059,raraku_southcoast
2253.2397226957205,30.2254126074,8.45485397859,raraku_southcoast
2261.6855272171406,29.5536437742,8.44580452142,raraku_southcoast
2270.1238994620608,29.0074463921,8.43837224492,raraku_southcoast
2278.553531399971,28.6082335651,8.42963193791,raraku_southcoast
2286.988666156211,28.4488215738,8.43513475624,raraku_southcoast
2295.424697216051,28.1234363285,8.43603105984,raraku_southcoast
2303.8571283420906,27.7582821078,8.43243112604,raraku_southcoast
2312.2920635788305,27.4888155221,8.43493523674,raraku_southcoast
2320.7250950465404,27.1499202158,8.43303146771,raraku_southcoast
2329.1582881898603,26.8638451329,8.43319314332,raraku_southcoast
2337.5874972253805,26.5715025875,8.42920903552,raraku_southcoast
2346.0159163341605,26.5067612561,8.42841910878,raraku_southcoast
2354.4446066623204,26.5067612561,8.42869032816,raraku_southcoast
2362.8730812492504,26.4439684159,8.42847458693,raraku_southcoast
2371.30239216206,26.3671477177,8.42931091281,raraku_southcoast
2379.73073913233,26.2257262255,8.42834697027,raraku_southcoast
2388.16301760678,26.1644871454,8.43227847445,raraku_southcoast
2396.59138728622,25.8998405049,8.42836967944,raraku_southcoast
2405.0197012809203,25.835552019,8.4283139947,raraku_southcoast
2413.4515408717,25.7790332889,8.43183959078,raraku_southcoast
2421.88382160579,25.5607419559,8.43228073409,raraku_southcoast
2430.31555700048,25.2960233628,8.43173539469,raraku_southcoast
2438.74618104406,25.0492859747,8.43062404358,raraku_southcoast
2447.17926225292,24.8440072938,8.43308120886,raraku_southcoast
2455.60774182583,24.5549117573,8.42847957291,raraku_southcoast
2464.05458050147,24.4775459583,8.44683867564,raraku_southcoast
2472.51767992155,23.9241892725,8.46309942008,raraku_southcoast
2480.94636188498,23.2525131006,8.42868196343,raraku_southcoast
2489.386381708,23.2525131006,8.44001982302,raraku_southcoast
2497.84701146506,22.8045709303,8.46062975706,raraku_southcoast
2506.32607435547,22.0636434861,8.47906289041,raraku_southcoast
2514.7738148912604,21.1356213656,8.44774053579,raraku_southcoast
2523.2890942080803,20.9463858896,8.51527931682,raraku_southcoast
2531.74169548951,19.7311906852,8.45260128143,raraku_southcoast
2540.17850583176,18.6068363951,8.43681034225,raraku_southcoast
6.05587849909,32.2143821464,6.05587849909,southcoast
12.111643554370001,32.3060004706,6.05576505528,southcoast
18.16809708852,32.4353562847,6.05645353415,southcoast
24.22384382114,32.5257554297,6.05574673262,southcoast
30.280792387570003,32.6765153876,6.05694856643,southcoast
36.33810595538,32.8412915132,6.05731356781,southcoast
42.39766308398,33.0743925864,6.0595571286,southcoast
48.45829497339,33.3339352864,6.06063188941,southcoast
54.555343853249994,34.0481541307,6.09704887986,southcoast
60.61062304349999,34.0843808953,6.05527919025,southcoast
66.66794897919999,34.071576928,6.0573259357,southcoast
72.72417806429999,34.0247285522,6.0562290851,southcoast
78.780846386,34.1637777252,6.0566683217,southcoast
84.83767431621,34.3096135616,6.05682793021,southcoast
90.8945704007,34.4582530308,6.05689608449,southcoast
96.95381945869,34.6832033849,6.05924905799,southcoast
103.01100619352,34.8432491724,6.05718673483,southcoast
109.06692436641,34.9442994836,6.05591817289,southcoast
115.12201362660001,34.9442994836,6.05508926019,southcoast
121.17796169115,35.0103571071,6.05594806455,southcoast
127.23581563562,35.1939270581,6.05785394447,southcoast
133.29157328253,35.1939270581,6.05575764691,southcoast
139.35426853226002,35.102799716,6.06269524973,southcoast
145.41504936911002,34.7988635318,6.06078083685,southcoast
151.48013900287003,34.5358656863,6.06508963376,southcoast
157.54872566526004,34.1874180145,6.06858666239,southcoast
163.61000998548005,33.7826370926,6.06128432022,southcoast
169.66776718367004,33.5082812578,6.05775719819,southcoast
175.72366362705003,33.3300567322,6.05589644338,southcoast
181.77882115643004,33.2301305201,6.05515752938,southcoast
187.83431900168003,33.1979401721,6.05549784525,southcoast
193.88941818077004,33.1287786506,6.05509917909,southcoast
199.94518942303003,33.1106242262,6.05577124226,southcoast
206.00113700594002,33.0185978615,6.05594758291,southcoast
212.05764447317003,32.9156190212,6.05650746723,southcoast
218.11287312620004,32.7837622228,6.05522865303,southcoast
224.16804325512004,32.7746803161,6.05517012892,southcoast
230.22325980891003,32.8161782572,6.05521655379,southcoast
236.27869617354003,32.8826092677,6.05543636463,southcoast
242.33397323847004,32.9324474817,6.05527706493,southcoast
248.38960117661003,33.014503802,6.05562793814,southcoast
254.44468147845004,33.014503802,6.05508030184,southcoast
260.49986601857006,33.0044551083,6.05518454012,southcoast
266.55493809255006,32.9686874873,6.05507207398,southcoast
272.61176402198004,32.9686874873,6.05682592943,southcoast
278.67178968728,32.8229347725,6.0600256653,southcoast
284.73367301265,32.5792358727,6.06188332537,southcoast
290.79427866707,32.2919503617,6.06060565442,southcoast
296.86440182356,32.033021003,6.07012315649,southcoast
302.95748386511,31.6058223966,6.09308204155,southcoast
309.02906431787,30.9262988286,6.07158045276,southcoast
315.09059197408,30.47886983,6.06152765621,southcoast
321.14898861012,30.2094394706,6.05839663604,southcoast
327.20594030332,30.008757353,6.0569516932,southcoast
333.28587950923,30.4071996262,6.07993920591,southcoast
339.34116500701003,30.4580520975,6.05528549778,southcoast
345.39947284880003,30.4580520975,6.05830784179,southcoast
351.45751777223,30.2600687143,6.05804492343,southcoast
357.5126024748,30.09765232,6.05508470257,southcoast
363.56778961606,30.1225792526,6.05518714126,southcoast
369.6236959392,30.1225792526,6.05590632314,southcoast
375.67896846763,30.0220560734,6.05527252843,southcoast
381.73410901681,29.9727721298,6.05514054918,southcoast
387.78925518369,29.943952255,6.05514616688,southcoast
393.84473237193,29.9145488582,6.05547718824,southcoast
399.90027742000996,29.8444953257,6.05554504808,southcoast
405.95631468947994,29.7688029137,6.05603726947,southcoast
412.0118042313699,29.6606783568,6.05548954189,southcoast
418.0687756257099,29.7412422322,6.05697139434,southcoast
424.12576820732994,29.7412422322,6.05699258162,southcoast
430.18449720650995,29.5887212292,6.05872899918,southcoast
436.2403660473099,29.4540482129,6.0558688408,southcoast
442.29573939769995,29.4540482129,6.05537335039,southcoast
448.35152124227994,29.3936335154,6.05578184458,southcoast
454.40664260395994,29.332113085,6.05512136168,southcoast
460.46171732742994,29.3134360237,6.05507472347,southcoast
466.51681256668996,29.3302249395,6.05509523926,southcoast
472.57200012234995,29.3676395058,6.05518755566,southcoast
478.6272339774599,29.3676395058,6.05523385511,southcoast
484.6832864999999,29.4374205982,6.05605252254,southcoast
490.7391910268499,29.5346591829,6.05590452685,southcoast
496.79516839169986,29.6393747344,6.05597736485,southcoast
502.8537121126799,29.8444492062,6.05854372098,southcoast
508.9091558881699,29.9115523148,6.05544377549,southcoast
514.9654479600299,29.9115523148,6.05629207186,southcoast
521.0244838330099,29.9447275028,6.05903587298,southcoast
527.0808827984099,29.9447275028,6.0563989654,southcoast
533.1367947521,29.8179523293,6.05591195369,southcoast
539.1933879091899,29.7170905333,6.05659315709,southcoast
545.24910304758,29.6696121191,6.05571513839,southcoast
551.30628888165,29.6696121191,6.05718583407,southcoast
557.36157016957,29.5096004362,6.05528128792,southcoast
563.41718843537,29.4791227531,6.0556182658,southcoast
569.47243120415,29.4432642194,6.05524276878,southcoast
575.52750444919,29.4432642194,6.05507324504,southcoast
581.58625339849,29.4393254982,6.0587489493,southcoast
587.64792832002,29.22827491,6.06167492153,southcoast
593.71685848818,28.9454209435,6.06893016816,southcoast
599.79108455728,28.5371016206,6.0742260691,southcoast
605.87203261835,28.0550996989,6.08094806107,southcoast
611.96085912694,27.4947133733,6.08882650859,southcoast
618.05710680036,26.8589111044,6.09624767342,southcoast
624.1440431041,26.1515645056,6.08693630374,southcoast
630.23144702065,25.5295539911,6.08740391655,southcoast
636.3247512025699,24.9029839974,6.09330418192,southcoast
642.4388568549099,24.2214714387,6.11410565234,southcoast
648.5407504256199,23.3738916825,6.10189357071,southcoast
654.6336074428099,22.6194324979,6.09285701719,southcoast
660.7062141542399,21.9419296219,6.07260671143,southcoast
666.7737568154299,21.4807834563,6.06754266119,southcoast
672.8306911856599,21.0919680001,6.05693437023,southcoast
678.8889200133499,20.9418682832,6.05822882769,southcoast
684.9443198722798,20.7463651621,6.05539985893,southcoast
691.0008807125698,20.8176355544,6.05656084029,southcoast
697.0562072453598,20.8731597203,6.05532653279,southcoast
703.1158306020698,20.8731597203,6.05962335671,southcoast
709.1745629973398,20.9411503508,6.05873239527,southcoast
715.2304537363398,21.0053733338,6.055890739,southcoast
721.2899448755697,21.0053733338,6.05949113923,southcoast
727.3460785196097,20.7739940349,6.05613364404,southcoast
733.4011523873597,20.6946093828,6.05507386775,southcoast
739.4565696040397,20.7544696883,6.05541721668,southcoast
745.5121358261097,20.7544696883,6.05556622207,southcoast
751.5696975221197,20.8445103172,6.05756169601,southcoast
757.6265364206297,20.8445103172,6.05683889851,southcoast
763.6898598290497,21.0144383595,6.06332340842,southcoast
769.7449326363898,21.0144383595,6.05507280734,southcoast
775.8009645072998,21.1190636419,6.05603187091,southcoast
781.8565064588898,21.1945079263,6.05554195159,southcoast
787.9118384910298,21.2506286425,6.05533203214,southcoast
793.9672314868698,21.306771727,6.05539299584,southcoast
800.0227420460798,21.3696262849,6.05551055921,southcoast
806.0783603779897,21.4509705928,6.05561833191,southcoast
812.1340173022697,21.535138872,6.05565692428,southcoast
818.1891733643597,21.5670520272,6.05515606209,southcoast
824.2444294251698,21.6142693609,6.05525606081,southcoast
830.2999511266997,21.679380037,6.05552170153,southcoast
836.3550848241697,21.7067224703,6.05513369747,southcoast
842.4104980702797,21.7710116265,6.05541324611,southcoast
848.4670849924697,21.9064688524,6.05658692219,southcoast
854.5224271375497,21.9636703242,6.05534214508,southcoast
860.5775999862697,21.9636703242,6.05517284872,southcoast
866.6327983816697,21.9309713482,6.0551983954,southcoast
872.6882083828497,21.9558246136,6.05541000118,southcoast
878.7442616833697,22.0648434113,6.05605330052,southcoast
884.8000720455697,22.0648434113,6.0558103622,southcoast
890.8557128931797,22.0064357558,6.05564084761,southcoast
896.9111886949596,22.050529079,6.05547580178,southcoast
902.9667049464796,22.1238815127,6.05551625152,southcoast
909.0237844862096,22.2798176675,6.05707953973,southcoast
915.0803079546396,22.4124073289,6.05652346843,southcoast
921.1441150412396,22.7287965701,6.0638070866,southcoast
927.2004977005296,22.854790301,6.05638265929,southcoast
933.2604112137595,23.046900536,6.05991351323,southcoast
939.3206463460996,23.2970072672,6.06023513234,southcoast
945.3850628991496,23.6335360834,6.06441655305,southcoast
951.4560142331096,24.0723453994,6.07095133396,southcoast
957.5296062505996,24.5419476109,6.07359201749,southcoast
963.6099979074796,25.095480031,6.08039165688,southcoast
969.6899059586096,25.6444658543,6.07990805113,southcoast
975.7699024949897,26.1944307513,6.07999653638,southcoast
981.8535784354497,26.7836815223,6.08367594046,southcoast
987.9415176341097,27.4154308344,6.08793919866,southcoast
994.0061391944397,27.7556339983,6.06462156033,southcoast
1000.0665103065697,28.0090141988,6.06037111213,southcoast
1006.1267925476598,28.2602598167,6.06028224109,southcoast
1012.1928113049198,28.614001359,6.06601875726,southcoast
1018.2488540691198,28.7224332395,6.0560427642,southcoast
1024.3057022113198,28.8691061241,6.0568481422,southcoast
1030.3618851104497,28.9851010595,6.05618289913,southcoast
1036.4176732405197,29.0782320879,6.05578813007,southcoast
1042.4731460900996,29.1479094891,6.05547284958,southcoast
1048.5287448044196,29.2277800914,6.05559871432,southcoast
1054.5842272216096,29.2982840853,6.05548241719,southcoast
1060.6396580806695,29.364211368,6.05543085906,southcoast
1066.6965406577694,29.5076107377,6.0568825771,southcoast
1072.7548350722695,29.7051828203,6.0582944145,southcoast
1078.8136108374795,29.9170018248,6.05877576521,southcoast
1084.8722738895194,30.1255719115,6.05866305204,southcoast
1090.9313683173793,30.3463179301,6.05909442786,southcoast
1096.9880212816693,30.4846849242,6.05665296429,southcoast
1103.0439099939292,30.5841414965,6.05588871226,southcoast
1109.0991894852293,30.6342737089,6.0552794913,southcoast
1115.1555694989693,30.7601402265,6.05638001374,southcoast
1121.2236006147793,31.1565051304,6.06803111581,southcoast
1127.2928727292694,31.1565051304,6.06927211449,southcoast
1133.3484207415695,30.817143005,6.0555480123,southcoast
1139.4042340508695,30.9118971175,6.0558133093,southcoast
1145.4594013688295,30.9458790353,6.05516731796,southcoast
1151.5145620705596,30.9786605829,6.05516070173,southcoast
1157.5696390628395,30.9843800617,6.05507699228,southcoast
1163.6248776587095,31.0293018056,6.05523859587,southcoast
1169.6802849329094,31.0930259599,6.0554072742,southcoast
1175.7362034779394,31.1942827397,6.05591854503,southcoast
1181.7925341110194,31.3177503959,6.05633063308,southcoast
1187.8504842739894,31.5044685949,6.05795016297,southcoast
1193.9133681613594,31.812144633,6.06288388737,southcoast
1199.9741275186393,32.0746470157,6.06075935728,southcoast
1206.0326671851394,32.2781910664,6.0585396665,southcoast
1212.0898212141294,32.4369942317,6.05715402899,southcoast
1218.1457834458395,32.5406690115,6.05596223171,southcoast
1224.2009305409595,32.5708329082,6.05514709512,southcoast
1230.2562556782195,32.626204672,6.05532513726,southcoast
1236.3116036233296,32.6840168741,6.05534794511,southcoast
1242.3677650301595,32.7988841883,6.05616140683,southcoast
1248.4239264223995,32.9043313875,6.05616139224,southcoast
1254.4803755018195,33.0334784482,6.05644907942,southcoast
1260.5367563858294,33.1593868646,6.05638088401,southcoast
1266.5925514317994,33.2529665052,6.05579504597,southcoast
1272.6503127966594,33.433455478,6.05776136486,southcoast
1278.7079449321093,33.6059565553,6.05763213545,southcoast
1284.7663189773893,33.8059555253,6.05837404528,southcoast
1290.8240923599894,33.9868474081,6.0577733826,southcoast
1296.8818825873595,34.1683024972,6.05779022737,southcoast
1302.9385888573395,34.3089949097,6.05670626998,southcoast
1308.9951791722594,34.4171723461,6.05659031492,southcoast
1315.0510626676494,34.4171723461,6.05588349539,southcoast
1321.1062375327995,34.3278020269,6.05517486515,southcoast
1327.1616032007794,34.2925009705,6.05536566798,southcoast
1333.2167951508793,34.2328613255,6.0551919501,southcoast
1339.2719470455993,34.1947422294,6.05515189472,southcoast
1345.3270234558593,34.1636297479,6.05507641026,southcoast
1351.3820954746593,34.1571067548,6.0550720188,southcoast
1357.4374558185893,34.1571067548,6.05536034393,southcoast
1363.4930410997792,34.0980101801,6.05558528119,southcoast
1369.5483681655892,34.0202428573,6.05532706581,southcoast
1375.6074215874291,34.0320788644,6.05905342184,southcoast
1381.6625065347391,34.0320788644,6.05508494731,southcoast
1387.7214021431791,34.0195395225,6.05889560844,southcoast
1393.778568979399,33.8043198507,6.05716683622,southcoast
1399.8350079826992,33.6450289288,6.0564390033,southcoast
1405.890275869179,33.5163552525,6.05526788648,southcoast
1411.9499278905791,33.4714170585,6.0596520214,southcoast
1418.0114455363391,33.2358621066,6.06151764576,southcoast
1424.073136634129,32.9563988997,6.06169109779,southcoast
1430.1357369006091,32.6731984786,6.06260026648,southcoast
1436.207524502299,32.3711628736,6.07178760169,southcoast
1442.275741536599,31.9209316067,6.0682170343,southcoast
1448.3477721730592,31.5228355151,6.07203063646,southcoast
1454.416774670479,31.0693384743,6.06900249742,southcoast
1460.4786114772292,30.6583703148,6.06183680675,southcoast
1466.5359029798992,30.3720680511,6.05729150267,southcoast
1472.5941429897093,30.2125402082,6.05824000981,southcoast
1478.6502161712992,30.0166434728,6.05607318159,southcoast
1484.7054852460192,29.90652583,6.05526907472,southcoast
1490.7607106506991,29.8576680601,6.05522540468,southcoast
1496.815862683989,29.8306053808,6.05515203329,southcoast
1502.8709415060391,29.8156476876,6.05507882205,southcoast
1508.926591238619,29.8901834518,6.05564973258,southcoast
1514.982344386169,29.9810113026,6.05575314755,southcoast
1521.038623487339,30.1019247604,6.05627910117,southcoast
1527.095092407119,30.231998929,6.05646891978,southcoast
1533.154077334769,30.4496469468,6.05898492765,southcoast
1539.216679630539,30.7517232818,6.06260229577,southcoast
1545.282110931549,31.1060682818,6.06543130101,southcoast
1551.349345470399,31.4869912292,6.06723453885,southcoast
1557.422386752799,31.9433096336,6.0730412824,southcoast
1563.501199728099,32.4800318194,6.0788129753,southcoast
1569.639973577689,33.4903030142,6.13877384959,southcoast
1575.7316400605391,34.1570143888,6.09166648285,southcoast
1582.4185617225492,35.9553168978,6.68692166201,southcoast
1588.4737568830592,34.9168679335,6.05519516051,southcoast
1594.5453829570392,35.3262898619,6.07162607398,southcoast
1600.6314475429992,35.9397111329,6.08606458596,southcoast
1606.6973034494692,36.3012514375,6.06585590647,southcoast
1612.7569470650592,36.5359156477,6.05964361559,southcoast
1618.817877277599,36.802333674,6.06093021254,southcoast
1624.874739199309,36.9495744439,6.05686192171,southcoast
1630.9306492035191,37.0503191834,6.05591000421,southcoast
1636.9874422283892,37.1946980315,6.05679302487,southcoast
1643.0437860344093,37.208890604,6.05634380602,southcoast
1649.0990442134594,37.2563786685,6.05525817905,southcoast
1655.1542380655594,37.2947987345,6.0551938521,southcoast
1661.2097648253393,37.2947987345,6.05552675978,southcoast
1667.2648425034192,37.2365317279,6.05507767808,southcoast
1673.3204178633393,37.2365317279,6.05557535992,southcoast
1679.3769817538293,37.1584519027,6.05656389049,southcoast
1685.4322530327693,37.0240284013,6.05527127894,southcoast
1691.4881350432393,36.9748982179,6.05588201047,southcoast
1697.5439661161392,36.875850598,6.0558310729,southcoast
1703.5990382379493,36.7816322984,6.05507212181,southcoast
1709.6543918668394,36.7802509651,6.05535362889,southcoast
1715.7099043376995,36.7341698011,6.05551247086,southcoast
1721.7652821950296,36.661130064,6.05537785733,southcoast
1727.8208964199696,36.6002653492,6.05561422494,southcoast
1733.8761828889196,36.51922733,6.05528646895,southcoast
1739.9313545747996,36.4987260195,6.05517168588,southcoast
1745.9864274165595,36.5019849062,6.05507284176,southcoast
1752.0414993935794,36.5019849062,6.05507197702,southcoast
1758.0969313658395,36.567595289,6.05543197226,southcoast
1764.1546417009495,36.7463633523,6.05771033511,southcoast
1770.2128965623194,36.9326579495,6.05825486137,southcoast
1776.2740358960693,37.2037917472,6.06113933375,southcoast
1782.3316527805994,37.3793646202,6.05761688453,southcoast
1788.3868258093894,37.4143492256,6.05517302879,southcoast
1794.4430395981494,37.4841391982,6.05621378876,southcoast
1800.4985617963293,37.5579809836,6.05552219818,southcoast
1806.5536614663292,37.5762984686,6.05509967,southcoast
1812.6093072781991,37.5762984686,6.05564581187,southcoast
1818.6661752630891,37.624450941,6.05686798489,southcoast
1824.7212489978292,37.624450941,6.05507373474,southcoast
1830.776487001879,37.6198201888,6.05523800405,southcoast
1836.8329024003192,37.5749781083,6.05641539844,southcoast
1842.8894612217991,37.4474203253,6.05655882148,southcoast
1848.945073891979,37.3132254304,6.05561267018,southcoast
1855.001692106239,37.2323037208,6.05661821426,southcoast
1861.057330048589,37.0954545194,6.05563794235,southcoast
1867.1126274853589,37.0126631164,6.05529743677,southcoast
1873.169382630329,36.960408382,6.05675514497,southcoast
1879.226497410159,36.8176274422,6.05711477983,southcoast
1885.281868895209,36.6701209459,6.05537148505,southcoast
1891.337034518119,36.6098935567,6.05516562291,southcoast
1897.396891043469,36.5762151538,6.05985652535,southcoast
1903.458736589159,36.3354567183,6.06184554569,southcoast
1909.5160372583389,36.0494173029,6.05730066918,southcoast
1915.582625609729,35.8851160028,6.06658835139,southcoast
1921.639318939119,35.511488186,6.05669332939,southcoast
1927.700826907999,35.3713540002,6.06150796888,southcoast
1933.756393185769,35.092100751,6.05556627777,southcoast
1939.8222774996689,35.0147285114,6.0658843139,southcoast
1945.8835648267789,34.6527119187,6.06128732711,southcoast
1951.9585996709989,34.3782896378,6.07503484422,southcoast
1958.0306738010388,33.8862003601,6.07207413004,southcoast
1964.1104030293288,33.4337313921,6.07972922829,southcoast
1970.220483759159,32.8867295565,6.11008072983,southcoast
1976.329122512839,32.0686891846,6.10863875368,southcoast
1982.4428807672389,31.2616908018,6.1137582544,southcoast
1988.534082109439,30.4166206822,6.0912013422,southcoast
1994.595440678869,29.7541727162,6.06135856943,southcoast
2000.653929884139,29.4781813768,6.05848920527,southcoast
2006.710095265649,29.3046633074,6.05616538151,southcoast
2012.770402581309,29.189586614,6.06030731566,southcoast
2018.826186783639,28.9377369019,6.05578420233,southcoast
2024.890174063949,28.844861602,6.06398728031,southcoast
2030.947601827539,28.5161592245,6.05742776359,southcoast
2037.002698221859,28.3472372521,6.05509639432,southcoast
2043.058516068079,28.3300370174,6.05581784622,southcoast
2049.114419859469,28.2349933351,6.05590379139,southcoast
2055.1706621250987,28.1346227935,6.05624226563,southcoast
2061.225886480409,28.0585280106,6.05522435531,southcoast
2067.282288989739,28.1672308739,6.05640250933,southcoast
2073.3402222504287,28.353399888,6.05793326069,southcoast
2079.3976487492687,28.5098866828,6.05742649884,southcoast
2085.4566864071885,28.7195214294,6.05903765792,southcoast
2091.5124678920383,28.812219345,6.05578148485,southcoast
2097.5712356119984,29.0238081091,6.05876771996,southcoast
2103.6351480322082,29.3511265265,6.06391242021,southcoast
2109.6947086937184,29.5843194372,6.05956066151,southcoast
2115.7537838667286,29.8044327097,6.05907517301,southcoast
2121.8104145230086,29.9418314952,6.05663065628,southcoast
2127.8681394940186,30.1210948256,6.05772497101,southcoast
2133.9232262057685,30.1344586246,6.05508671175,southcoast
2139.9795071951685,30.2554666551,6.0562809894,southcoast
2146.0347394039086,30.2995190085,6.05523220874,southcoast
2152.0898157171787,30.3067770495,6.05507631327,southcoast
2158.1457802406385,30.3067770495,6.05596452346,southcoast
2164.2008528550887,30.2028067459,6.05507261445,southcoast
2170.2572914937787,30.2000008387,6.05643863869,southcoast
2176.3124911252585,30.0715399959,6.05519963148,southcoast
2182.3747132210483,30.035232257,6.06222209579,southcoast
2188.4299216110585,29.7815317938,6.05520839001,southcoast
2194.4931994560184,29.7843102406,6.06327784496,southcoast
2200.552338205948,29.4725984367,6.05913874993,southcoast
2206.6101282667883,29.2506391866,6.05779006084,southcoast
2212.6692318809983,29.0691896783,6.05910361421,southcoast
2218.7258131753583,28.8481916522,6.05658129436,southcoast
2224.785256279328,28.7129863306,6.05944310397,southcoast
2230.8558098004282,28.4828684258,6.0705535211,southcoast
2236.9164188914083,28.0495976279,6.06060909098,southcoast
2242.976817965888,27.7905878665,6.06039907448,southcoast
2249.035254400618,27.5499189864,6.05843643473,southcoast
2255.0926125196784,27.3480389781,6.05735811906,southcoast
2261.1507004252685,27.1816331413,6.05808790559,southcoast
2267.2060257158587,26.9904981685,6.05532529059,southcoast
2273.263517722559,26.9351096152,6.0574920067,southcoast
2279.319577986419,26.7638994249,6.05606026386,southcoast
2285.3746611502193,26.6544992698,6.0550831638,southcoast
2291.431421587069,26.6428529523,6.05676043685,southcoast
2297.486920169549,26.4998477119,6.05549858248,southcoast
2303.5420627409494,26.461264807,6.0551425714,southcoast
2309.5971995233494,26.461264807,6.0551367824,southcoast
2315.6556847816896,26.4332476041,6.05848525834,southcoast
2321.7116676851797,26.2299076397,6.05598290349,southcoast
2327.7680212397195,26.1248722394,6.05635355454,southcoast
2333.8237188015896,26.0309510706,6.05569756187,southcoast
2339.87881000635,25.9591728715,6.05509120476,southcoast
2345.9413867069698,25.9591728715,6.06257670062,southcoast
2351.99657108332,25.657610661,6.05518437635,southcoast
2358.05439349858,25.6207142332,6.05782241526,southcoast
2364.10952085648,25.4381877156,6.0551273579,southcoast
2370.16852452025,25.4122872091,6.05900366377,southcoast
2376.22392034727,25.1940467147,6.05539582702,southcoast
2382.27913940021,25.1326121076,6.05521905294,southcoast
2388.33441827704,25.1404644327,6.05527887683,southcoast
2394.3894961945302,25.1489564494,6.05507791749,southcoast
2400.4446081352403,25.1489564494,6.05511194071,southcoast
2406.4996871238804,25.136177047,6.05507898864,southcoast
2412.5548510389704,25.136177047,6.05516391509,southcoast
2418.6103312155906,25.1028071958,6.05548017662,southcoast
2424.6654871932506,25.0324958204,6.05515597766,southcoast
2430.7213553115107,25.0005985648,6.05586811826,southcoast
2436.7773424571506,25.0389890397,6.05598714564,southcoast
2442.8356446456305,25.2286985487,6.05830218848,southcoast
2448.8942536930904,25.435693951,6.05860904746,southcoast
2454.95401006414,25.6739182208,6.05975637105,southcoast
2461.01825744227,26.0073845096,6.06424737813,southcoast
2467.07915369025,26.2495664887,6.06089624798,southcoast
2473.14141290828,26.5446772124,6.06225921803,southcoast
2479.20313147621,26.8284650164,6.06171856793,southcoast
2485.27175028576,27.2337276008,6.06861880955,southcoast
2491.3334916813,27.5180025839,6.06174139554,southcoast
2497.40192816156,27.9205256595,6.06843648026,southcoast
2503.4646614911603,28.2212915768,6.0627333296,southcoast
2509.5251346777704,28.4771015972,6.06047318661,southcoast
2515.5844497823305,28.7038240177,6.05931510456,southcoast
2521.6445629541004,28.9509579048,6.06011317177,southcoast
2527.7067469769304,29.2445199042,6.06218402283,southcoast
2533.7628226024804,29.3547718911,6.05607562555,southcoast
2539.81902176364,29.4716127532,6.05619916116,southcoast
2545.8768373122102,29.6539112271,6.05781554857,southcoast
2551.9339836704003,29.8124215592,6.05714635819,southcoast
2557.9925772990405,30.0140032093,6.05859362864,southcoast
2564.0571925159406,30.35409326,6.0646152169,southcoast
2570.1223337969604,30.703438753,6.06514128102,southcoast
2576.1910052183102,31.1084618389,6.06867142135,southcoast
2582.25697563937,31.4719183882,6.06597042106,southcoast
2588.31453323887,31.645433786,6.0575575995,southcoast
2594.37180912259,31.8088187152,6.05727588372,southcoast
2600.42719273302,31.8702531211,6.05538361043,southcoast
2606.48230232007,31.8915985339,6.05510958705,southcoast
2612.5375904422103,31.9427625224,6.05528812214,southcoast
2618.5926626959204,31.9446379167,6.05507225371,southcoast
2624.6479640998205,31.9973503661,6.0553014039,southcoast
2630.7030652253807,31.9973503661,6.05510112556,southcoast
2636.7582978911705,31.9820604834,6.05523266579,southcoast
2642.8141663460506,31.9379453715,6.05586845488,southcoast
2648.8692745843805,31.8397300188,6.05510823833,southcoast
2654.9245790827404,31.8187705477,6.05530449836,southcoast
2660.9797914488404,31.765703864,6.0552123661,southcoast
2667.0349307850106,31.7244690034,6.05513933617,southcoast
2673.0901020057104,31.7305752702,6.0551712207,southcoast
2679.1459361085303,31.7460958337,6.05583410282,southcoast
2685.2010155964304,31.6679441515,6.0550794879,southcoast
2691.2560898001802,31.6583981235,6.05507420375,southcoast
2697.31116187849,31.6543730638,6.05507207831,southcoast
2703.36632822596,31.6543730638,6.05516634747,southcoast
2709.4216225659798,31.6724593482,6.05529434002,southcoast
2715.47671151504,31.68680175,6.05508894906,southcoast
2721.53267161298,31.7905139343,6.05596009794,southcoast
2727.58889274977,31.7905139343,6.05622113679,southcoast
2733.6439866196,31.6725394441,6.05509386983,southcoast
2739.69908762879,31.6562519702,6.05510100919,southcoast
2745.75670214803,31.6374972147,6.05761451924,southcoast
2751.81193109267,31.5821056054,6.05522894464,southcoast
2757.86700541185,31.5874465939,6.05507431918,southcoast
2763.92209110501,31.5874465939,6.05508569316,southcoast
2769.97717056117,31.5745520027,6.05507945616,southcoast
2776.03229424391,31.5878613311,6.05512368274,southcoast
2782.0879237754402,31.5878613311,6.05562953153,southcoast
2788.1429957621003,31.5056875175,6.05507198666,southcoast
2794.19809864157,31.505159377,6.05510287947,southcoast
2800.25319461298,31.4858100544,6.05509597141,southcoast
2806.3083474540704,31.5000550762,6.05515284109,southcoast
2812.3637252614303,31.5609148044,6.05537780736,southcoast
2818.41887497929,31.5609148044,6.05514971786,southcoast
2824.47394723708,31.5321160209,6.05507225779,southcoast
2830.52907568029,31.5321160209,6.05512844321,southcoast
2836.5842263198,31.5059629735,6.05515063951,southcoast
2842.63931085534,31.4874347409,6.05508453554,southcoast
2848.6944671502,31.4874347409,6.05515629486,southcoast
2854.7497164393003,31.5018182463,6.0552492891,southcoast
2860.8048049993904,31.5159951455,6.05508856009,southcoast
2866.8603412632906,31.5159951455,6.0555362639,southcoast
2872.9206417374708,31.441008746,6.06030047418,southcoast
2878.978182387271,31.1893237277,6.0575406498,southcoast
2885.0358132781407,31.0164010923,6.05763089087,southcoast
2891.092497097901,30.8403456305,6.05668381976,southcoast
2897.150161892501,30.7006230151,6.0576647946,southcoast
2903.208017906331,30.5247727981,6.05785601383,southcoast
2909.270569263441,30.3411345747,6.06255135711,southcoast
2915.337161454441,30.0400823006,6.066592191,southcoast
2921.3983652585207,29.6663921553,6.06120380408,southcoast
2927.455874757971,29.3938209342,6.05750949945,southcoast
2933.5146487350307,29.2219929677,6.05877397706,southcoast
2939.570740736891,29.0102251236,6.05609200186,southcoast
2945.625964644801,28.8990772194,6.05522390791,southcoast
2951.6811845660113,28.8561810243,6.05521992121,southcoast
2957.736457076361,28.8629321148,6.05527251035,southcoast
2963.792035968991,28.8629321148,6.05557889263,southcoast
2969.8471081217713,28.7860907059,6.05507215278,southcoast
2975.9023443582614,28.8306933633,6.05523623649,southcoast
2981.9586025833814,28.9505566296,6.05625822512,southcoast
2988.013716372511,28.9730625257,6.05511378913,southcoast
2994.069030760081,29.0272459948,6.05531438757,southcoast
3000.1246986254714,29.1121977773,6.05566786539,southcoast
3006.1816651253416,29.2636794572,6.05696649987,southcoast
3012.2367910686617,29.2636794572,6.05512594332,southcoast
3018.2920559205218,29.2381118666,6.05526485186,southcoast
3024.3570345799217,30.1779166813,6.0649786594,southcoast
3030.445935581002,29.8314059981,6.08890100108,southcoast
