latitude,longitude,distance_from_quarry_km,location_type,OBJECTID,SOURCE,LOCATION_TYPE,LOCATION_NAME,LOCATION_NOTES,STATE_FOUND,NUMBER_OF_FRAGMENTS,TOTAL_LENGTH_cm
-27.126241,-109.290031,0.219,ROAD_ADDITIONAL,481,SHEPARDSON,QUARRY,RANO RARAKU,,Missing,0,727
-27.126457,-109.286364,0.229,ROAD_ADDITIONAL,417,SHEPARDSON,QUARRY,RANO RARAKU,,Missing,0,
-27.127462,-109.288325,0.254,ROAD_ADDITIONAL,903,SHEPARDSON,QUARRY,RANO RARAKU,,Missing,0,811
-27.126847,-109.289965,0.257,ROAD_ADDITIONAL,483,SHEPARDSON,QUARRY,RANO RARAKU,,Missing,0,714
-27.12733,-109.289321,0.265,ROAD_ADDITIONAL,907,SHEPARDSON,QUARRY,RANO RARAKU,,Missing,0,612
-27.12704,-109.289847,0.265,ROAD_ADDITIONAL,871,SHEPARDSON,QUARRY,RANO RARAKU,,Missing,0,721
-27.127464,-109.289022,0.268,ROAD_ADDITIONAL,906,SHEPARDSON,QUARRY,RANO RARAKU,,Missing,0,558
-27.127078,-109.289938,0.274,ROAD_ADDITIONAL,872,SHEPARDSON,QUARRY,RANO RARAKU,,Missing,0,860
-27.127697,-109.288354,0.281,ROAD_ADDITIONAL,464,SHEPARDSON,QUARRY,RANO RARAKU,,Missing,0,496
-27.123818,-109.285738,0.284,ROAD_ADDITIONAL,712,SHEPARDSON,QUARRY,RANO RARAKU,,Missing,0,342
-27.123793,-109.285557,0.301,ROAD_ADDITIONAL,713,SHEPARDSON,QUARRY,RANO RARAKU,,Missing,0,
-27.128089,-109.287484,0.331,ROAD_ADDITIONAL,751,SHEPARDSON,QUARRY,RANO RARAKU,,Missing,0,
-27.123236,-109.290922,0.347,ROAD_ADDITIONAL,472,SHEPARDSON,QUARRY,RANO RARAKU,,Missing,0,
-27.127885,-109.290281,0.366,ROAD_ADDITIONAL,873,SHEPARDSON,QUARRY,RANO RARAKU,,Missing,0,805
-27.128024,-109.290433,0.388,ROAD,677,SHEPARDSON,ROAD,ROAD MOAI,,Missing,0,783
-27.127035,-109.291548,0.393,ROAD_ADDITIONAL,874,SHEPARDSON,QUARRY,RANO RARAKU,,Missing,0,595
-27.124103,-109.29217,0.413,ROAD_ADDITIONAL,675,SHEPARDSON,AHU,RANO RARAKU,,Missing,0,355
-27.128334,-109.290423,0.416,ROAD,448,SHEPARDSON & HUNT/LIPO,ROAD,ROAD MOAI,,Complete,1,644
-27.127692,-109.291457,0.429,ROAD_ADDITIONAL,908,SHEPARDSON,QUARRY,RANO RARAKU,,Missing,0,547
-27.122753,-109.284635,0.441,ROAD_ADDITIONAL,777,SHEPARDSON,QUARRY,RANO RARAKU,,Missing,0,
-27.128517,-109.290643,0.444,ROAD,524,HUNT/LIPO,ROAD,ROAD MOAI,,,1,Missing
-27.128527,-109.290878,0.459,ROAD,449,SHEPARDSON & HUNT/LIPO,ROAD,ROAD MOAI,,Complete,1,576
-27.124429,-109.292847,0.47,ROAD_ADDITIONAL,676,SHEPARDSON,AHU,RANO RARAKU,,Missing,0,442
-27.122453,-109.284427,0.478,ROAD_ADDITIONAL,508,SHEPARDSON,QUARRY,RANO RARAKU,,Missing,0,
-27.128903,-109.291392,0.522,ROAD,450,SHEPARDSON & HUNT/LIPO,ROAD,ROAD MOAI,,Complete,1,525
-27.121984,-109.283698,0.567,ROAD_ADDITIONAL,678,SHEPARDSON,QUARRY,RANO RARAKU,,Missing,0,
-27.125165,-109.293984,0.576,ROAD_ADDITIONAL,674,SHEPARDSON,AHU,RANO RARAKU,,Missing,0,561
-27.129956,-109.293289,0.734,ROAD,553,SHEPARDSON & HUNT/LIPO,ROAD,ROAD MOAI,,Fragments in Association,2,857
-27.129977,-109.29343,0.745,ROAD,554,SHEPARDSON & HUNT/LIPO,ROAD,ROAD MOAI,,Complete,1,573
-27.12992,-109.293513,0.746,ROAD,555,SHEPARDSON & HUNT/LIPO,ROAD,ROAD MOAI,,Complete,1,788
-27.121012,-109.294795,0.802,ROAD,558,SHEPARDSON & HUNT/LIPO,ROAD,ROAD MOAI,RANO RARAKU NORTH ROAD,Complete,1,488
-27.130385,-109.294356,0.842,ROAD,133,SHEPARDSON & HUNT/LIPO,ROAD,ROAD MOAI,,Fragments in Association,3,801
-27.130392,-109.294467,0.851,ROAD,556,SHEPARDSON & HUNT/LIPO,ROAD,ROAD MOAI,,Fragments in Association,3,773
-27.130432,-109.294519,0.858,ROAD,557,SHEPARDSON & HUNT/LIPO,ROAD,ROAD MOAI,,Fragments in Association,2,496
-27.122463,-109.297158,0.939,ROAD,463,SHEPARDSON,ROAD,ROAD MOAI,,Missing,0,
-27.122449,-109.297182,0.942,ROAD,694,HUNT/LIPO,ROAD,ROAD MOAI,WESTERN ROAD,,2,Missing
-27.124462,-109.298284,1.004,ROAD,693,HUNT/LIPO,ROAD,ROAD MOAI,WESTERN ROAD,,2,Missing
-27.124562,-109.298286,1.004,ROAD,461,SHEPARDSON,ROAD,ROAD MOAI,,Missing,0,473
-27.125382,-109.277815,1.025,ROAD_ADDITIONAL,575,SHEPARDSON & HUNT/LIPO,AHU,AHU TONGARIKI,,Complete,2,810
-27.123637,-109.298653,1.052,ROAD,462,SHEPARDSON,ROAD,ROAD MOAI,,Missing,0,337
-27.131419,-109.296452,1.074,ROAD,341,SHEPARDSON & HUNT/LIPO,ROAD,ROAD MOAI,,Fragments in Association,1,873
-27.118258,-109.298025,1.242,ROAD,342,SHEPARDSON & HUNT/LIPO,ROAD,ROAD MOAI,RANO RARAKU NORTH ROAD,Complete,1,590
-27.114729,-109.298231,1.529,ROAD,551,SHEPARDSON & HUNT/LIPO,ROAD,ROAD MOAI,RANO RARAKU NORTH ROAD,Complete,1,Missing
-27.114704,-109.298235,1.531,ROAD,552,SHEPARDSON & HUNT/LIPO,ROAD,ROAD MOAI,RANO RARAKU NORTH ROAD,Fragments in Association,2,Missing
-27.114772,-109.298417,1.537,ROAD,132,SHEPARDSON & HUNT/LIPO,ROAD,ROAD MOAI,RANO RARAKU NORTH ROAD,,1,Missing
-27.123691,-109.304088,1.584,ROAD,695,HUNT/LIPO,ROAD,ROAD MOAI,WESTERN ROAD,,3,Missing
-27.123696,-109.304091,1.585,ROAD,334,SHEPARDSON & HUNT/LIPO,ROAD,ROAD MOAI,WESTERN MOAI ROAD,Fragments in Association,5,620
-27.123791,-109.304481,1.622,ROAD,611,SHEPARDSON & HUNT/LIPO,ROAD,ROAD MOAI,,,1,388
-27.133919,-109.301385,1.629,ROAD,419,HUNT/LIPO,ROAD,ROAD MOAI,,Fragments in Association,2,Missing
-27.123907,-109.305123,1.684,ROAD,612,SHEPARDSON & HUNT/LIPO,ROAD,ROAD MOAI,,,1,705
-27.125941,-109.306285,1.795,ROAD,459,SHEPARDSON,ROAD,ROAD MOAI,,Missing,0,523
-27.12585,-109.306302,1.797,ROAD,696,HUNT/LIPO,ROAD,ROAD MOAI,NW OF RARAKU,,2,Missing
-27.134201,-109.303269,1.8,ROAD,337,SHEPARDSON & HUNT/LIPO,ROAD,ROAD MOAI,,Fragments in Association,4,846
-27.115289,-109.303304,1.857,ROAD,338,SHEPARDSON & HUNT/LIPO,ROAD,ROAD MOAI,RANO RARAKU NORTH ROAD,Fragments in Association,2,552
-27.134942,-109.304313,1.931,ROAD,333,SHEPARDSON & HUNT/LIPO,ROAD,ROAD MOAI,,Complete,1,742
-27.114088,-109.305179,2.086,ROAD,613,SHEPARDSON & HUNT/LIPO,ROAD,ROAD MOAI,RANO RARAKU NORTH ROAD,Fragments in Association,2,Missing
-27.11344,-109.306107,2.202,ROAD,335,SHEPARDSON & HUNT/LIPO,ROAD,ROAD MOAI,RANO RARAKU NORTH ROAD,Fragments in Association,2,1066
-27.124571,-109.312302,2.39,ROAD,730,HUNT/LIPO,ROAD,ROAD MOAI,WEST MOAI ROAD,,2,Missing
-27.124469,-109.313782,2.537,ROAD,619,SHEPARDSON,ROAD,ROAD MOAI,,Complete,0,412
-27.136997,-109.310724,2.59,ROAD,350,SHEPARDSON & HUNT/LIPO,ROAD,ROAD MOAI,,Complete,1,780
-27.134973,-109.313003,2.688,ROAD,54,SHEPARDSON & HUNT/LIPO,ROAD,ROAD MOAI,,Complete,1,627
-27.134967,-109.313143,2.701,ROAD,55,SHEPARDSON & HUNT/LIPO,ROAD,ROAD MOAI,,Fragments in Association,2,649
-27.108271,-109.310389,2.891,ROAD,411,HUNT/LIPO,ROAD,ROAD MOAI,RANO RARAKU NORTH ROAD,Fragment,1,Missing
-27.122626,-109.317688,2.936,ROAD,348,SHEPARDSON & HUNT/LIPO,ROAD,ROAD MOAI,WESTERN MOAI ROAD,Complete,1,591
-27.12269,-109.320007,3.164,ROAD,864,SHEPARDSON & HUNT/LIPO,ROAD,ROAD MOAI,WESTERN MOAI ROAD,Complete,1,385
-27.136509,-109.318622,3.267,ROAD,50,SHEPARDSON & HUNT/LIPO,ROAD,ROAD MOAI,,Complete,1,Missing
-27.122155,-109.323336,3.498,ROAD,863,SHEPARDSON & HUNT/LIPO,ROAD,ROAD MOAI,WESTERN MOAI ROAD,Complete,1,478
-27.136668,-109.321296,3.519,ROAD,79,SHEPARDSON & HUNT/LIPO,ROAD,ROAD MOAI,,Complete,1,735
-27.124264,-109.326031,3.75,ROAD,955,SHEPARDSON,ROAD,ROAD MOAI,,Complete,0,533
-27.138042,-109.323344,3.764,ROAD,155,SHEPARDSON,ROAD,ROAD MOAI,,Missing,0,
-27.140751,-109.327528,4.263,ROAD,63,HUNT/LIPO,ROAD,ROAD MOAI,"Highly probable match to 12-397-01, need field verification.",Fragments in Association,3,Missing
-27.140795,-109.327536,4.266,ROAD,154,SHEPARDSON,ROAD,ROAD MOAI,"Highly probable match to 12-397-02, need field verification.",Missing,0,875
-27.115277,-109.331035,4.384,ROAD,878,SHEPARDSON & HUNT/LIPO,ROAD,ROAD MOAI,WESTERN MOAI ROAD,Complete,1,483
-27.118602,-109.337471,4.935,ROAD,961,SHEPARDSON & HUNT/LIPO,ROAD,ROAD MOAI,WESTERN ROAD,,1,Missing
-27.126982,-109.341779,5.311,ROAD,861,SHEPARDSON & HUNT/LIPO,ROAD,ROAD MOAI,WESTERN MOAI ROAD,Complete,1,Missing
-27.127076,-109.343801,5.512,ROAD,860,SHEPARDSON & HUNT/LIPO,ROAD,ROAD MOAI,WESTERN MOAI ROAD,Complete,1,Missing
-27.152139,-109.350433,6.852,ROAD,583,SHEPARDSON & HUNT/LIPO,ROAD,ROAD MOAI,,Fragments in Association,2,636
-27.153187,-109.35338,7.166,ROAD,582,SHEPARDSON & HUNT/LIPO,ROAD,ROAD MOAI,,Fragments in Association,3,691
-27.075644,-109.339899,7.514,ROAD,226,SHEPARDSON,ROAD,ROAD MOAI,,Missing,0,
-27.109462,-109.362306,7.544,ROAD,963,SHEPARDSON,ROAD,ROAD MOAI,,Missing,0,334
-27.140162,-109.3638,7.67,ROAD,962,SHEPARDSON,ROAD,ROAD MOAI,,Missing,0,392
-27.164603,-109.363723,8.666,ROAD,494,SHEPARDSON & HUNT/LIPO,ROAD,ROAD MOAI,,Complete,1,Missing
-27.092043,-109.39988,11.655,ROAD,201,SHEPARDSON & HUNT/LIPO,ROAD,ROAD MOAI,,Complete,1,
-27.087397,-109.399659,11.807,ROAD,202,SHEPARDSON & HUNT/LIPO,ROAD,ROAD MOAI,,Fragments in Association,2,
