statue_id,location,length,base_width,shoulder_width
02-209-01,8.0,373.0,,
02-209-02,8.0,400.0,163.0,217.0
02-209-03,8.0,432.0,177.0,176.0
02-209-04,8.0,,,
02-209-05,8.0,375.0,180.0,
02-209-06,8.0,,40.0,
02-209-07,8.0,,,
02-209-08,8.0,,93.0,
02-209-09,7.0,238.0,,
02-210-01,8.0,393.0,170.0,183.0
02-210-03,8.0,336.0,194.0,
02-210-04,8.0,,198.0,
02-210-05,7.0,,183.0,
02-210-06,8.0,408.0,175.0,
02-210-07,8.0,,,54.0
03-000-09,8.0,,229.0,205.0
03-000-10,7.0,256.0,103.0,
03-118-02,6.0,177.0,96.0,
03-118-03,7.0,215.0,111.0,125.0
03-122-04,7.0,,,
03-122-05,7.0,,,
03-131-06,7.0,252.0,104.0,126.0
03-131-07,7.0,,208.0,
03-134-08,7.0,,164.0,
05-064-01,6.0,225.0,173.0,205.0
05-078-01,8.0,484.0,147.0,180.0
05-078-02,8.0,,94.0,
05-080-01,6.0,566.0,150.0,
05-109-01,8.0,280.0,124.0,
05-109-02,8.0,198.0,122.0,
05-109-03,8.0,,158.0,
06-001-01,8.0,187.0,76.0,
06-001-02,8.0,466.0,167.0,
06-001-03,8.0,583.0,216.0,
06-002-04,8.0,396.0,,168.0
06-002-05,8.0,,147.0,
06-002-06,8.0,590.0,215.0,254.0
06-002-07,7.0,256.0,110.0,79.0
06-002-08,7.0,265.0,109.0,98.0
06-002-09,7.0,315.0,128.0,122.0
06-002-10,7.0,271.0,110.0,
06-002-11,7.0,204.0,151.0,
06-191-01,8.0,340.0,87.0,
06-191-02,8.0,302.0,94.0,
06-192-01,7.0,,,
06-204-01,8.0,292.0,,116.0
06-253-01,8.0,414.0,92.0,
06-255-01,8.0,414.0,,
06-255-02,8.0,506.0,271.0,268.0
06-255-03,8.0,524.0,153.0,211.0
06-255-04,8.0,404.0,208.0,263.0
06-255-05,8.0,486.0,182.0,231.0
06-255-06,8.0,381.0,187.0,237.0
06-255-07,8.0,421.0,165.0,217.0
06-255-08,8.0,412.0,148.0,194.0
07-069-01,6.0,735.0,,195.0
07-200-01,6.0,640.0,180.0,
07-231-01,8.0,205.0,125.0,150.0
07-231-02,8.0,200.0,132.0,150.0
07-32C-01,8.0,345.0,112.0,115.0
07-507-01,7.0,144.0,86.0,85.0
07-530-01,8.0,77.0,85.0,64.0
07-575-01,8.0,215.0,90.0,
07-575-02,8.0,200.0,,179.0
07-575-03,8.0,,207.0,215.0
07-575-09,8.0,590.0,204.0,189.0
07-575-10,8.0,419.0,200.0,240.0
07-575-12,8.0,675.0,277.0,214.0
07-575-15,7.0,333.0,175.0,185.0
07-581-01,6.0,545.0,176.0,193.0
07-584-01,8.0,,,
07-584-02,8.0,,126.0,105.0
07-584-03,8.0,,,
07-584-09,8.0,,108.0,134.0
07-584-10,8.0,,115.0,150.0
07-584-13,8.0,,115.0,157.0
07-584-14,8.0,311.0,98.0,130.0
07-584-15,8.0,,85.0,105.0
07-584-18,,,,
07-584-19,8.0,,192.0,210.0
07-584-20,8.0,,180.0,214.0
07-584-25,8.0,560.0,275.0,170.0
07-584-26,8.0,,220.0,230.0
07-584-27,8.0,505.0,225.0,
07-584-28,8.0,,177.0,
07-584-29,8.0,,,
07-584-32,8.0,540.0,215.0,
07-584-33,8.0,530.0,180.0,200.0
07-584-34,8.0,490.0,180.0,
07-585-01,8.0,228.0,130.0,139.0
08-001-01,8.0,473.0,201.0,
08-002-01,8.0,446.0,205.0,
08-002-02,7.0,426.0,162.0,182.0
08-002-03,8.0,,,
08-003-04,8.0,390.0,232.0,
08-003-05,8.0,,216.0,
08-087-01,7.0,,,
08-087-02,6.0,235.0,138.0,114.0
08-087-03,7.0,,,
08-167-01,8.0,309.0,78.0,109.0
08-268-01,8.0,,199.0,
08-338-01,8.0,416.0,195.0,
11-205-01,6.0,669.0,168.0,160.0
11-226-01,6.0,408.0,128.0,
12-003-01,8.0,640.0,220.0,
12-003-02,8.0,994.0,250.0,
12-003-03,7.0,,69.0,
12-013-01,6.0,635.0,178.0,156.0
12-030-01,6.0,786.0,170.0,250.0
12-074-01,7.0,244.0,,
12-14A-01,6.0,648.0,265.0,240.0
12-172-01,7.0,,,
12-212-01,8.0,,86.0,
12-212-02,8.0,472.0,140.0,177.0
12-212-03,8.0,,105.0,
12-212-04,8.0,390.0,,
12-212-05,8.0,360.0,130.0,148.0
12-212-06,8.0,375.0,125.0,144.0
12-213-01,8.0,,95.0,
12-213-02,8.0,,94.0,74.0
12-223-01,7.0,775.0,295.0,348.0
12-255-01,8.0,464.0,109.0,166.0
12-270-01,6.0,483.0,170.0,186.0
12-276-01,6.0,545.0,212.0,241.0
12-323-01,6.0,570.0,180.0,153.0
12-369-01,8.0,263.0,97.0,73.0
12-376-01,8.0,412.0,144.0,175.0
12-397-01,6.0,903.0,239.0,196.0
12-447-03,7.0,,,
12-447-04,8.0,243.0,169.0,171.0
12-447-09,8.0,258.0,80.0,
12-452-01,6.0,634.0,172.0,
12-460-03,8.0,532.0,179.0,
12-460-04,8.0,369.0,128.0,114.0
12-460-05,8.0,321.0,136.0,
12-460-06,8.0,343.0,129.0,121.0
12-460-07,8.0,,,
12-460-08,8.0,,110.0,
13-033-22,8.0,368.0,,206.0
13-052-16,6.0,745.0,261.0,254.0
13-114-23,8.0,,101.0,144.0
13-129-24,8.0,,,
13-173-14,6.0,,208.0,215.0
13-326-20,6.0,524.0,216.0,213.0
13-327-21,6.0,336.0,,138.0
13-330-17,6.0,500.0,189.0,
13-331-18,6.0,424.0,153.0,193.0
13-332-19,6.0,712.0,237.0,220.0
13-350-28,8.0,,59.0,
13-395-29,6.0,257.0,89.0,
13-413-27,6.0,605.0,152.0,
13-431-33,6.0,485.0,169.0,140.0
13-445-32,8.0,226.0,96.0,88.0
13-471-30,6.0,421.0,170.0,170.0
13-480-03,6.0,656.0,243.0,255.0
13-481-04,6.0,580.0,273.0,304.0
13-485-05,6.0,524.0,160.0,158.0
13-486-07,6.0,851.0,247.0,252.0
13-487-08,6.0,570.0,186.0,179.0
13-488-09,6.0,808.0,287.0,263.0
13-490-10,6.0,778.0,250.0,242.0
13-491-11,6.0,800.0,190.0,187.0
13-492-12,6.0,498.0,141.0,173.0
13-494-06,6.0,509.0,199.0,190.0
13-509-13,6.0,843.0,244.0,260.0
13-593-31,8.0,348.0,222.0,226.0
13-96a-15,6.0,831.0,220.0,250.0
14-463-02,8.0,,122.0,164.0
14-463-10,8.0,,122.0,
14-493-01,8.0,,180.0,
14-493-04,,,106.0,112.0
14-548-01,8.0,608.0,195.0,315.0
14-548-02,8.0,,308.0,281.0
14-548-04,8.0,600.0,241.0,309.0
14-548-05,8.0,585.0,225.0,296.0
14-548-06,8.0,,291.0,282.0
14-548-08,8.0,,268.0,325.0
14-548-09,8.0,603.0,313.0,363.0
14-548-10,8.0,,,277.0
14-548-11,8.0,,,
14-548-13,8.0,,124.0,
14-548-14,8.0,560.0,254.0,
14-548-18,8.0,577.0,246.0,284.0
14-548-19,8.0,,,
14-548-20,8.0,,,
14-548-21,8.0,,224.0,254.0
14-548-22,8.0,,,
14-548-23,8.0,,189.0,214.0
14-548-24,8.0,,212.0,245.0
14-548-25,8.0,,,
14-548-30,8.0,,120.0,128.0
14-548-31,8.0,,,
14-548-32,8.0,,90.0,
14-548-38,8.0,,85.0,
14-548-45,8.0,,224.0,
14-548-49,8.0,,,
14-548-51,8.0,,85.0,
14-548-60,8.0,,190.0,
14-548-62,8.0,,,
14-548-63,8.0,,249.0,208.0
14-548-66,8.0,,,
14-548-67,8.0,,,
14-548-95,3.0,301.0,143.0,133.0
18-298-01,7.0,,62.0,53.0
18-300-01,7.0,,56.0,51.0
18-302-01,7.0,,39.0,
18-303-01,7.0,151.0,60.0,
18-334-01,7.0,100.0,47.0,63.0
18-341-01,7.0,116.0,107.0,80.0
18-343-01,7.0,,35.0,46.0
18-350-01,6.0,494.0,147.0,154.0
18-384-01,7.0,156.0,82.0,
32-001-01,8.0,338.0,119.0,120.0
BM-MOM-01,,242.0,88.0,101.0
BM-MOM-02,,156.0,56.0,96.0
MR-AHB-04,,300.0,,146.0
PE-39-01,8.0,194.0,98.0,117.0
PE-41-08,8.0,180.0,83.0,94.0
PE-41-09,8.0,330.0,128.0,145.0
PE-43-03,8.0,,115.0,189.0
PE-46-01,8.0,248.0,116.0,148.0
PE-79-01,6.0,607.0,193.0,188.0
PE-86-01,8.0,,99.0,105.0
PE-86-02,8.0,,106.0,58.0
PE-86-03,8.0,289.0,123.0,148.0
PE-86-04,8.0,305.0,123.0,129.0
PE-86-05,8.0,300.0,124.0,128.0
PE-86-06,8.0,325.0,135.0,127.0
PE-86-07,8.0,296.0,,136.0
PE-86-08,8.0,,,
PE-000-01,6.0,374.0,185.0,209.0
PE-104-01,8.0,989.0,270.0,290.0
PE-41-07,8.0,,47.0,76.0
PE-43-01,8.0,495.0,184.0,
PE-139-01,8.0,,88.0,125.0
RR-1-10,5.0,450.0,125.0,
RR-1-09,5.0,240.0,126.0,67.0
RR-12-08,5.0,280.0,154.0,165.0
RR-30-07,2.0,360.0,,164.0
RR-49-05,2.0,485.0,146.0,142.0
RR-61-03,2.0,320.0,,139.0
RR-77-01,2.0,575.0,180.0,191.0
RR-265-12,1.0,600.0,240.0,
RR-273-15,1.0,500.0,183.0,197.0
RR-278-13,1.0,401.0,,154.0
