sample,family,rot,k,ll,par,tau,lam10,boundary,AIC,dAIC_indep,dAIC_best,weight
all46,Independence,,0,0.0,,0.0,0.0,False,0.0,0.0,0.0,0.14634229329530773
all46,Gaussian,,1,0.219576909035838,-0.11401399581390567,-0.07274174573028262,0.0,False,1.560846181928324,1.560846181928324,1.560846181928324,0.06705581024481055
all46,Frank,,1,0.6122954757255892,-1.1016103794168237,-0.12094571029573298,0.0,False,0.7754090485488216,0.7754090485488216,0.7754090485488216,0.0993097574010015
all46,Clayton,0,1,0.5548348552357905,0.17579576571456623,0.08079607860475456,0.0,False,0.8903302895284191,0.8903302895284191,0.8903302895284191,0.09376420820714286
all46,Clayton,90,1,0.3788767985757262,0.21355886861094034,-0.09647760971676958,0.0389414489476711,False,1.2422464028485476,1.2422464028485476,1.2422464028485476,0.07863564936847553
all46,Clayton,180,1,-0.0008547114766554315,0.00010615907253912951,5.307671898193448e-05,0.0,True,2.001709422953311,2.001709422953311,2.001709422953311,0.053790326214707994
all46,Clayton,270,1,0.453083479732481,0.22319761429978235,-0.10039486047671052,0.0,False,1.093833040535038,1.093833040535038,1.093833040535038,0.08469290501337301
all46,Gumbel,0,1,-0.0009518004686322242,1.0001063115273345,0.00010630022639512848,0.0,True,2.0019036009372644,2.0019036009372644,2.0019036009372644,0.05378510401967063
all46,Gumbel,90,1,0.7478128244711684,1.1444323709444286,-0.126204373986064,0.0,False,0.5043743510576633,0.5043743510576633,0.5043743510576633,0.11372248936139435
all46,Gumbel,180,1,0.6115500712598092,1.0759084783891912,0.07055291403859787,0.0,False,0.7768998574803816,0.7768998574803816,0.7768998574803816,0.09923575904711729
all46,Gumbel,270,1,0.7114882753128966,1.1514545037536594,-0.1315332071392561,0.1742783950056812,False,0.5770234493742068,0.5770234493742068,0.5770234493742068,0.10966569782699866
road,Independence,,0,0.0,,0.0,0.0,False,0.0,0.0,1.3938707550954987,0.11149288423310397
road,Gaussian,,1,1.0567067672946013,-0.27320118531374815,-0.17616494658909604,0.0,False,-0.11341353458920267,-0.11341353458920267,1.280457220506296,0.11799798376956705
road,Frank,,1,0.6983271035806333,-1.2057278400316267,-0.13206896674737123,0.0,False,0.6033457928387334,0.6033457928387334,1.997216547934232,0.08245790114168777
road,Clayton,0,1,-0.0006863816133935163,0.00010615907253912951,5.307671898193448e-05,0.0,True,2.001372763226787,2.001372763226787,3.3952435183222858,0.04098779701873032
road,Clayton,90,1,0.28961267019844184,0.20571264066635597,-0.09326357244985875,0.034407097745322114,False,1.4207746596031163,1.4207746596031163,2.814645414698615,0.054793602285574075
road,Clayton,180,1,-0.0004965679658744948,0.00010615907253912951,5.307671898193448e-05,0.0,True,2.0009931359317488,2.0009931359317488,3.3948638910272475,0.04099557780041214
road,Clayton,270,1,1.6969353775477494,0.45978330390559763,-0.18692024747690678,0.0,False,-1.3938707550954987,-1.3938707550954987,0.0,0.2238320844764317
road,Gumbel,0,1,-0.0010283995845284492,1.0001063115273345,0.00010630022639512848,0.0,True,2.0020567991690568,2.0020567991690568,3.3959275542645555,0.040973780852579675
road,Gumbel,90,1,1.476539954349196,1.2104049816779328,-0.17383023439498513,0.0,False,-0.9530799086983919,-0.9530799086983919,0.44079084639710686,0.17955843976719693
road,Gumbel,180,1,-0.0012075131155822733,1.0001063115273345,0.00010630022639512848,0.0,True,2.0024150262311644,2.0024150262311644,3.396285781326663,0.0409664425512247
road,Gumbel,270,1,0.4748376370211067,1.1381884777180726,-0.12141089145017836,0.1614236239930278,False,1.0503247259577866,1.0503247259577866,2.4441954810532853,0.06594350610349159
road_single,Independence,,0,0.0,,0.0,0.0,False,0.0,0.0,0.0,0.17969053885457814
road_single,Gaussian,,1,0.40679968874417205,-0.2849634539807957,-0.18396293409231065,0.0,False,1.186400622511656,1.186400622511656,1.186400622511656,0.09928910345840802
road_single,Frank,,1,0.2070756077221707,-0.9672413278891845,-0.10648151715587739,0.0,False,1.5858487845556586,1.5858487845556586,1.5858487845556586,0.08131347528297274
road_single,Clayton,0,1,-0.00023021462798783476,0.00010615907253912951,5.307671898193448e-05,0.0,True,2.0004604292559756,2.0004604292559756,2.0004604292559756,0.06608923855669048
road_single,Clayton,90,1,0.03821238641937569,0.139335132805561,-0.06513011013044716,0.006910755706328385,False,1.9235752271612485,1.9235752271612485,1.9235752271612485,0.0686793470709365
road_single,Clayton,180,1,-0.00023269444962481511,0.00010615907253912951,5.307671898193448e-05,0.0,True,2.00046538889925,2.00046538889925,2.00046538889925,0.06608907466736993
road_single,Clayton,270,1,0.7081475191779116,0.480385520737076,-0.19367373205529909,0.0,False,0.5837049616441767,0.5837049616441767,0.5837049616441767,0.13420703728027772
road_single,Gumbel,0,1,-0.000404686519012324,1.0001063115273345,0.00010630022639512848,0.0,True,2.0008093730380248,2.0008093730380248,2.0008093730380248,0.0660777088480974
road_single,Gumbel,90,1,0.43802484466702163,1.194279739619931,-0.1626752369438661,0.0,False,1.1239503106659567,1.1239503106659567,1.1239503106659567,0.10243833291224863
road_single,Gumbel,180,1,-0.0004238995050747027,1.0001063115273345,0.00010630022639512848,0.0,True,2.0008477990101494,2.0008477990101494,2.0008477990101494,0.06607643931019411
road_single,Gumbel,270,1,0.057968901034439024,1.07561442870058,-0.07029882333572601,0.09511860010410245,False,1.8840621979311218,1.8840621979311218,1.8840621979311218,0.07004970375822625
