dataset,trunc,n,model,k,nll,AIC,desc,p0,p1,p2,dAIC,weight
D84,0.0,84,Exponential,1,151.3169965413622,304.6339930827244,mean=2.23,0.80139282013807,,,8.909289610926805,0.011219889813045563
D84,0.0,84,Weibull,2,151.20978226187367,306.41956452374734,"shape=0.96, scale=2.19",-0.037523609947593656,0.7828187261498297,,10.694861051949772,0.004594694916570579
D84,0.0,84,Gamma,2,151.31112078227662,306.62224156455324,"shape=1.01, scale=2.20",0.014777329509888904,0.7866154846461388,,10.897538092755667,0.004151890773461265
D84,0.0,84,Lognormal,2,145.86235173589878,295.72470347179757,"median=1.26, sigma=1.09",0.2336251640628217,0.08389287820181704,,0.0,0.9651976363966948
D84,0.0,84,Half-normal,1,162.69157388279413,327.38314776558826,sigma=3.36,1.2110130919165907,,,31.658444293790694,1.288464384929859e-07
D84,0.0,84,Two-exponential mixture,3,150.1067094520601,306.2134189041202,"w=0.42, means=1.10/3.05",-0.31575370887177734,0.09290185825049806,0.6710390358123028,10.488715432322635,0.005093550689318964
D84,0.0,84,Exponential + uniform,2,150.45821677687525,304.9164335537505,"w_exp=0.93, mean=1.86",2.5755465714554218,0.6205419826673748,,9.191730081952926,0.009742208564470245
D62,0.0,62,Exponential,1,128.54760250545712,259.09520501091424,mean=2.93,1.0733484265717914,,,9.73331348518849,0.006916765406705337
D62,0.0,62,Weibull,2,126.40408198360747,256.8081639672149,"shape=1.23, scale=3.15",0.20673391125100363,1.1473711003618265,,7.446272441489157,0.021703396204594213
D62,0.0,62,Gamma,2,125.27413368853158,254.54826737706315,"shape=1.56, scale=1.87",0.4453220678359675,0.6280263578243173,,5.186375851337402,0.067182785764889
D62,0.0,62,Lognormal,2,122.68094576286288,249.36189152572575,"median=2.05, sigma=0.85",0.7200423342978253,-0.16025593009157693,,0.0,0.8983906322029068
D62,0.0,62,Half-normal,1,129.63748571736662,261.27497143473323,sigma=3.92,1.365135836345057,,,11.913079909007479,0.0023258022229742862
D62,0.0,62,Two-exponential mixture,3,128.54760250545715,263.0952050109143,"w=0.63, means=2.93/2.93",0.550158326089201,1.0733483763915577,-15.023202051174799,13.733313485188546,0.0009360824053976448
D62,0.0,62,Exponential + uniform,2,128.54760250545712,261.09520501091424,"w_exp=1.00, mean=2.93",33.31162624753488,1.073348427536152,,11.73331348518849,0.002544535792532723
D56,0.0,56,Exponential,1,117.81585069743906,237.63170139487812,mean=3.02,1.1038544770715737,,,7.050691388914913,0.023742131526832647
D56,0.0,56,Weibull,2,116.17468259921364,236.34936519842728,"shape=1.21, scale=3.23",0.19074110630549107,1.1731475320257094,,5.768355192464071,0.04507912457779153
D56,0.0,56,Gamma,2,115.3297545717823,234.6595091435646,"shape=1.50, scale=2.01",0.40497877356106327,0.6988757134225411,,4.078499137601398,0.10493564915733977
D56,0.0,56,Lognormal,2,113.2905050029816,230.5810100059632,"median=2.08, sigma=0.88",0.7346836765819691,-0.13057748678424547,,0.0,0.8064136835905399
D56,0.0,56,Half-normal,1,118.91851752907817,239.83703505815635,sigma=4.05,1.3977535990972085,,,9.256025052193138,0.007882020974361146
D56,0.0,56,Two-exponential mixture,3,117.81585069743906,241.63170139487812,"w=0.51, means=3.02/3.02",0.02367692894269994,1.103854417415679,-14.94425674624592,11.050691388914913,0.0032131480948248076
D56,0.0,56,Exponential + uniform,2,117.81585069743906,239.63170139487812,"w_exp=1.00, mean=3.02",31.76114544284038,1.103854472169621,,9.050691388914913,0.008734242078310077
D84,0.6,57,Exponential,1,109.4557185214236,220.9114370428472,mean=2.51,0.9202757639321566,,,0.0,0.3530016483193649
D84,0.6,57,Weibull,2,109.29580874670192,222.59161749340385,"shape=0.90, scale=2.25",-0.10452376098335708,0.8103681998730533,,1.6801804505566338,0.15238077714899834
D84,0.6,57,Gamma,2,109.29362763082429,222.58725526164858,"shape=0.76, scale=2.97",-0.2681072658354223,1.0891071021314271,,1.6758182188013677,0.1527135000031298
D84,0.6,57,Lognormal,2,109.58441429048189,223.16882858096378,"median=1.97, sigma=0.89",0.6760163903306216,-0.11702956479556856,,2.257391538116565,0.11418009211908606
D84,0.6,57,Half-normal,1,113.96316154993744,229.92632309987488,sigma=3.81,1.336397112546009,,,9.014886057027667,0.0038924146506429157
D84,0.6,57,Two-exponential mixture,3,109.19431010863167,224.38862021726334,"w=0.29, means=1.10/2.92",-0.9020521766534761,0.09492417973517106,0.5975839065386253,3.477183174416126,0.062046316047207686
D84,0.6,57,Exponential + uniform,2,109.2359213986861,222.4718427973722,"w_exp=0.95, mean=2.22",2.960208406501534,0.7982666239461015,,1.560405754524993,0.1617852517115702
D62,0.6,57,Exponential,1,110.19281180880328,222.38562361760657,mean=2.54,0.9332072210681219,,,0.0,0.37412744476111176
D62,0.6,57,Weibull,2,110.13103001986849,224.26206003973698,"shape=0.94, scale=2.38",-0.06393831656379052,0.8690865736096247,,1.8764364221304106,0.14640522484124455
D62,0.6,57,Gamma,2,110.13425401077725,224.2685080215545,"shape=0.86, scale=2.81",-0.15418551233054056,1.0334354931924303,,1.8828844039479407,0.14593397578687894
D62,0.6,57,Lognormal,2,110.41308038606725,224.8261607721345,"median=2.05, sigma=0.87",0.7162554832267706,-0.14179644586409645,,2.440537154527931,0.1104240465963604
D62,0.6,57,Half-normal,1,114.21308498468805,230.4261699693761,sigma=3.82,1.34052352192918,,,8.040546351769535,0.006714862309678162
D62,0.6,57,Two-exponential mixture,3,110.0774942226385,226.154988445277,"w=0.23, means=1.22/2.84",-1.214120986961304,0.1986375407839432,0.48221392682674047,3.7693648276704437,0.05682146088942625
D62,0.6,57,Exponential + uniform,2,110.0449069069515,224.089813813903,"w_exp=0.96, mean=2.31",3.1441630865597734,0.8351002038389514,,1.7041901962964232,0.15957298481530002
