a,b,events,statue_km,hazard,lo,hi,dataset
0.0,0.5,24,262.772,0.09133393207799918,0.060702627358882474,0.12261861253358257,D84
0.5,1.0,12,251.47356563280337,0.04771873325851735,0.024026125733862945,0.07539151691038345,D84
1.0,1.5,6,227.1066031762972,0.026419311090406076,0.008706304168544267,0.04877918867145029,D84
1.5,2.0,13,207.8486710560329,0.06254550454400257,0.03272509238071254,0.09528556621555838,D84
2.0,3.0,9,398.59336236767194,0.02257940259350879,0.01000610483016979,0.03735948509128779,D84
3.0,4.0,6,362.56263367389965,0.016548864782895942,0.005498790395443892,0.030288019741192936,D84
4.0,6.0,6,568.7363588239311,0.010549703578661963,0.0034763163703777746,0.019213063020948575,D84
6.0,8.0,5,395.0372624836831,0.012657033841729105,0.0025995178563492176,0.024498480182529016,D84
8.0,10.0,1,320.96309443651637,0.0031156230025623432,0.0,0.010067627109064906,D84
10.0,12.0,2,210.22502161508567,0.009513615385241472,0.0,0.023697658948539865,D84
12.0,16.0,0,88.71542117669068,0.0,0.0,0.0,D84
0.0,0.5,4,255.7061996471283,0.015642952754058977,0.003906881867073035,0.03132706328306776,D62
0.5,1.0,10,251.83208299611067,0.03970899927057523,0.019688614692329073,0.0636578408428764,D62
1.0,1.5,5,227.6061017769946,0.021967776614789235,0.004396900016572618,0.04321512009894106,D62
1.5,2.0,13,208.3485840924711,0.062395432426986044,0.03340765954960786,0.09528652545404212,D62
2.0,3.0,10,399.484433451893,0.025032264495493107,0.012108724742359668,0.03971797747923516,D62
3.0,4.0,6,362.56101006686737,0.01654893889139766,0.00544868208959415,0.030453694955910354,D62
4.0,6.0,6,568.7348412684305,0.010549731728442025,0.0034670328597882854,0.019543204353345466,D62
6.0,8.0,5,395.0364508387853,0.012657059846967146,0.004683801474574286,0.023573874262043177,D62
8.0,10.0,1,320.9631452936295,0.003115622508886998,0.0,0.010377092037142153,D62
10.0,12.0,2,210.2249098181377,0.009513620444552309,0.0,0.02567435955533385,D62
12.0,16.0,0,88.71542117669068,0.0,0.0,0.0,D62
0.0,0.5,4,252.707,0.015828607834369447,0.0039532098087041775,0.03170128199140527,D56
0.5,1.0,9,248.88856563280336,0.03616076125119428,0.015961352466429823,0.05670831519693741,D56
1.0,1.5,4,225.60300564047986,0.01773026023586931,0.004372297739911135,0.036003757232614175,D56
1.5,2.0,11,206.96767105603294,0.05314839725389739,0.028386931042564643,0.08275782935575234,D56
2.0,3.0,9,397.59336236767194,0.02263619278351359,0.010061513281052679,0.03711604584443906,D56
3.0,4.0,6,361.56263367389965,0.016594635178511053,0.005513236270813722,0.029936906707600675,D56
4.0,6.0,5,568.4733588239312,0.00879548693424103,0.0018060207003530377,0.016602373178794722,D56
6.0,8.0,5,395.0372624836831,0.012657033841729105,0.002616267227067561,0.024284880002047052,D56
8.0,10.0,1,320.9630944365163,0.0031156230025623437,0.0,0.009801100910422151,D56
10.0,12.0,2,210.22502161508567,0.009513615385241472,0.0,0.02432228049551908,D56
12.0,16.0,0,88.71542117669068,0.0,0.0,0.0,D56
