theta0_deg,T_proto,T_replica
0.25,0.3748369457118598,0.25980160341511754
0.33303446214719457,0.4332154659554118,0.3002640854030472
0.41606892429438913,0.48487595942844613,0.336070265106122
0.49910338644158364,0.5317819550763594,0.3685810755225478
0.5821378485887783,0.5750998723470863,0.39860496855733246
0.6651723107359728,0.6155894210013135,0.42666850333495515
0.7482067728831674,0.6537780067448733,0.4531372277278789
0.831241235030362,0.690049380437677,0.4782771216237787
0.9142756971775565,0.724693039099392,0.5022888370414962
0.9973101593247511,0.757933729634116,0.5253281473291901
1.0803446214719457,0.789950050914883,0.5475188403741357
1.1633790836191402,0.8208867059529712,0.568961210650448
1.2464135457663348,0.8508628673699002,0.5897378573749551
1.3294480079135294,0.8799780641531088,0.6099177646507946
1.412482470060724,0.9083164319778034,0.6295592473894853
1.4955169322079185,0.9359498507411842,0.6487121259536129
1.578551394355113,0.9629403057873289,0.667419362735129
1.6615858565023076,0.9893416953163071,0.6857183148808129
1.7446203186495022,1.0152012348396104,0.7036417077282598
1.8276547807966967,1.040560563269285,0.7212184014425036
1.9106892429438913,1.0654566245943766,0.7384740021109393
1.9937237050910859,1.0899223783715555,0.7554313541883853
2.0767581672382804,1.1139873779558862,0.7721109412720963
2.159792629385475,1.137678245354112,0.7885312152252552
2.2428270915326696,1.1610190644151195,0.8047088686995028
2.3258615536798644,1.1840317088813292,0.8206590625092113
2.4088960158270587,1.2067361180147893,0.8363956166694836
2.491930477974253,1.2291505296805014,0.8519311719475243
2.574964940121448,1.2512916786416137,0.8672773273021562
2.6579994022686426,1.273174966204821,0.8824447574660059
2.741033864415837,1.2948146061146033,0.8974433140656237
2.8240683265630313,1.3162237506353336,0.9122821130097047
2.907102788710226,1.3374146000112257,0.9269696103563966
2.990137250857421,1.3583984979046317,0.9415136684621221
3.0731717130046152,1.37918601494597,0.9559216138905067
3.1562061751518096,1.399787022155521,0.9702002883014385
3.2392406372990044,1.4202107556975905,0.9843560933325455
3.322275099446199,1.4404658741851533,0.9983950303173676
3.4053095615933935,1.4605605095559602,1.012322735547873
3.488344023740588,1.4805023123798817,1.0261445116772345
3.5713784858877826,1.500298492324673,1.0398653557668789
3.6544129480349774,1.5199558543978287,1.0534899844059225
3.7374474101821713,1.5394808314912807,1.067022856268083
3.8204818723293665,1.5588795136798357,1.0804681924185944
3.9035163344765604,1.5781576746607322,1.0938299946396106
3.9865507966237557,1.5973207956683184,1.1071120620056059
4.06958525877095,1.616374087152708,1.1203180059089721
4.152619720918144,1.6353225084731007,1.1334512637095717
4.235654183065339,1.654170785823916,1.1465151111594412
4.318688645212534,1.6729234285841827,1.1595126737346448
4.401723107359729,1.6915847442568657,1.1724469369898085
4.484757569506923,1.7101588521444153,1.1853207560367183
4.567792031654117,1.7286496958892608,1.1981368642362074
4.650826493801312,1.7470610549927927,1.2108978811820292
4.733860955948506,1.76539655541321,1.2236063200462834
4.816895418095701,1.7836596793312043,1.2362645943480681
4.899929880242896,1.8018537741624936,1.248875024200117
4.9829643423900905,1.8199820608875237,1.2614398420821629
5.065998804537285,1.8380476417610547,1.2739611981844952
5.14903326668448,1.85605350745769,1.2864411653605674
5.232067728831674,1.8740025437035173,1.2988817437234232
5.315102190978869,1.8918975374388893,1.311284864917157
5.398136653126063,1.9097411825527797,1.3236523960914255
5.481171115273258,1.9275360852251378,1.3359861436042666
5.564205577420452,1.9452847689100738,1.3482878564759715
5.647240039567647,1.9629896789895163,1.3605592296145614
5.730274501714842,1.9806531871241946,1.3728019068314785
5.813308963862036,1.9982775953262117,1.3850174836643085
5.8963434260092304,2.015865139775297,1.3972075100218477
5.979377888156425,2.033417994398751,1.4093734926653818
6.062412350303619,2.050938274233327,1.4215168975388262
6.145446812450814,2.06842803858567,1.4336391519592435
6.228481274598009,2.085889294006456,1.445741646678236
6.3115157367452035,2.103323997092099,1.4578257378238257
6.394550198892398,2.1207340571267,1.4698927487316025
6.477584661039592,2.1381213385758238,1.4819439716731764
6.560619123186787,2.1554876634427758,1.4939806694893256
6.643653585333982,2.172834813497122,1.5060040771345962
6.726688047481176,2.1901645323844683,1.5180154031396018
6.8097225096283704,2.207478527625742,1.5300158309967384
6.892756971775565,2.224778472513609,1.5420065204746
6.97579143392276,2.2420660079130488,1.5539886088659687
7.058825896069955,2.2593427439725735,1.5659632121738685
7.141860358217149,2.2766102617520985,1.5779314262398536
7.224894820364344,2.293870114773001,1.5898943278183622
7.307929282511538,2.3111238304955295,1.6018529756007165
7.390963744658732,2.328372911728307,1.6138084111920576
7.473998206805927,2.3456188379743814,1.6257616600443017
7.557032668953123,2.3628630667179107,1.6377137323479478
7.6400671311003165,2.380107034655333,1.6496656238854084
7.72310159324751,2.3973521588745643,1.6616183168483194
7.806136055394705,2.4145998379855595,1.673572780621137
7.889170517541901,2.431851453205325,1.6855299725331663
7.972204979689095,2.4491083694002835,1.6974908385810317
8.055239441836289,2.4663719360886938,1.7094563141234573
8.138273903983483,2.4836434884056606,1.7214273245501228
8.221308366130678,2.500924348033101,1.7334047859262267
8.304342828277873,2.518215824096901,1.7453896056143123
8.387377290425068,2.5355192140333482,1.7573826828747958
8.470411752572263,2.552835804426803,1.7693849094465615
8.553446214719457,2.5701668718204527,1.7813971701089
8.63648067686665,2.5875136835019052,1.7934203432260072
8.719515139013845,2.604877498265244,1.80545530127517
8.80254960116104,2.6222595671511066,1.8175029113597174
8.885584063308235,2.6396611341662557,1.8295640357077603
8.96861852545543,2.657083436984014,1.8416395321576666
9.051652987602624,2.6745277076268996,1.8537302546312
9.13468744974982,2.6919951731326908,1.865837053595172
9.217721911897012,2.709487056205124,1.877960776512446
9.300756374044207,2.727004575850332,1.8901022682830553
9.383790836191402,2.7445489480001286,1.902262371676205
9.466825298338597,2.762121386123128,1.9144419277538434
9.549859760485793,2.779723101824728,1.9266417762865116
9.632894222632986,2.797355305436845,1.9388627561620952
9.715928684780181,2.8150192065983575,1.95110570578813
9.798963146927376,2.8327160148270716,1.9633714634882369
9.88199760907457,2.8504469400840855,1.9756608678932843
9.965032071221763,2.868213193331339,1.9879747583278295
10.048066533368958,2.886015987083115,2.0003139751923684
10.131100995516153,2.9038565359522726,2.0126793603419313
10.21413545766335,2.9217360571919193,2.0250717574615194
10.297169919810543,2.939655771233235,2.0374920124388747
10.380204381957737,2.957616902220154,2.0499409737350685
10.463238844104932,2.9756206785415595,2.062419492753372
10.546273306252125,2.9936683333616614,2.0749284242068615
10.62930776839932,3.011761105149207,2.0874686264852182
10.712342230546515,3.0299002382061513,2.1000409620211524
10.79537669269371,3.0480869831964164,2.11264629765689
10.878411154840906,3.0663225976753647,2.1252855050111528
10.9614456169881,3.084608346620586,2.1379594608470502
11.044480079135294,3.1029455029646105,2.150669047441306
11.127514541282489,3.1213353481301604,2.163415152955244
11.210549003429684,3.139779172568506,2.1761986718079256
11.293583465576877,3.158278276301576,2.1890205050518894
11.376617927724071,3.1768339694683765,2.2018815607518776
11.459652389871266,3.1954475728763443,2.2147827543669822
11.542686852018461,3.2141204185582306,2.2277250091366234
11.625721314165656,3.232853850335124,2.2407092564707853
11.70875577631285,3.2516492243862296,2.253736436344932
11.791790238460045,3.2705079098260206,2.2668074977000345
11.874824700607238,3.289431289289395,2.279923398848148
11.957859162754433,3.308420759525469,2.29308510788397
12.040893624901628,3.327477732000673,2.3062936031028527
12.123928087048823,3.346603633511781,2.319549873425696
12.206962549196017,3.3657999068095887,2.332854918831223
12.289997011343212,3.385068011233893,2.3462097507960853
12.373031473490407,3.404409423360495,2.3596153927433083
12.456065935637602,3.4238256376609604,2.3730728804995715
12.539100397784797,3.4433181671758577,2.3865832627618357
12.62213485993199,3.4628885442022614,2.4001476015738548
12.705169322079184,3.4825383209962872,2.4137669728131064
12.78820378422638,3.502269070491488,2.427442466688717
12.871238246373574,3.5220823870339326,2.4411751882509494
12.954272708520769,3.5419798871348465,2.4549662579128593
13.037307170667964,3.5619632102416965,2.4688168119847433
13.120341632815158,3.5820340195286566,2.482728003222012
13.203376094962351,3.6021940027074093,2.4967010013871604
13.286410557109546,3.6224448728592784,2.510736993826527
13.369445019256741,3.6427883692897383,2.5248371860625562
13.452479481403936,3.6632262584063557,2.5390028024023055
13.53551394355113,3.683760334621312,2.5532350865629887
13.618548405698325,3.7043924212796364,2.567535302315341
13.70158286784552,3.7251243716143994,2.5819047341456667
13.784617329992715,3.7459580697300985,2.5963446879374303
13.86765179213991,3.7668954316155903,2.6108564916733266
13.950686254287103,3.7879384061879184,2.625441496158762
14.033720716434297,3.809088976368499,2.640101075767766
14.116755178581492,3.8303491601931565,2.6548366292123617
14.199789640728687,3.8517210119576024,2.6696495803365057
14.282824102875882,3.8732066233999833,2.6845413789357178
14.365858565023077,3.894808124922246,2.699513501603615
14.448893027170271,3.916527686852136,2.714567452606612
14.531927489317464,3.9383675207476925,2.729704764788072
14.61496195146466,3.960329880746278,2.744927000503328
14.697996413611854,3.98241706496021,2.7602357525870023
14.78103087575905,4.004631416921193,2.7756326453541518
14.864065337906245,4.026975327075861,2.7911193356368336
14.947099800053438,4.0494512343348665,2.806697513857792
15.030134262200633,4.072061627678061,2.822368905143015
15.113168724347828,4.094809047818463,2.83813527047504
15.19620318649502,4.117696088927827,2.8539984078889584
15.279237648642216,4.140725400426832,2.8699601537132
15.36227211078941,4.16389968884298,2.8860223838572576
15.445306572936607,4.1872217197395845,2.902187015148679
15.528341035083802,4.210694319719282,2.9184560067217107
15.611375497230995,4.234320378505819,2.934831361460196
15.69440995937819,4.258102851107969,2.9513151274974008
15.777444421525384,4.282044760069729,2.967909399775634
15.860478883672577,4.306149197811154,2.984616321668696
15.943513345819772,4.33041932906442,3.001438086670327
16.026547807966967,4.3548583934100185,3.0183769401520553
16.10958227011416,4.3794697079182345,3.035435181194024
16.192616732261357,4.4042566699013985,3.052615164492591
16.27565119440855,4.429222759782685,3.069919302348709
16.358685656555746,4.454371544087665,3.0873500667413873
16.44172011870294,4.479706678565072,3.1049099914907146
16.524754580850136,4.505231911443798,3.1226016745152982
16.60778904299733,4.530951086833411,3.140427780189184
16.690823505144525,4.556868148276065,3.1583910418037036
16.77385796729172,4.5829871424581325,3.1764942641400298
16.856892429438915,4.609312223090397,3.1947403261585587
16.939926891586108,4.635847654966245,3.2131321838116658
17.022961353733304,4.662597818207925,3.231672872986812
17.105995815880497,4.689567212711573,3.2503655125874147
17.18903027802769,4.716760462802424,3.2692133077594043
17.272064740174887,4.744182322112427,3.2882195532719236
17.35509920232208,4.77183767869326,3.3073876370611894
17.438133664469277,4.7997315603787065,3.3267210439471833
17.52116812661647,4.827869140411207,3.3462233595334494
17.604202588763663,4.856255743348594,3.3658982743010846
17.68723705091086,4.884896851267998,3.3857495879086987
17.770271513058052,4.913798110285212,3.4057812137110277
17.85330597520525,4.942965337409126,3.425997183509775
17.93634043735244,4.9724045277522295,3.446401652551257
18.01937489949964,5.002121862119742,3.466998904786467
18.10240936164683,5.032123715001647,3.4877933584104035
18.185443823794024,5.06241666299371,3.5087895716987245
18.26847828594122,5.093007493675517,3.529992249161162
18.351512748088414,5.1239032149757815,3.5514062480326754
18.43454721023561,5.155111065057518,3.573036585124917
18.517581672382804,5.186638522758192,3.594888444062359
18.60061613453,5.218493318622833,3.6169671829294097
18.683650596677193,5.250683446571084,3.639278342356907
18.76668505882439,5.283217176242579,3.6618276540787718
18.849719520971583,5.316103066068598,3.684621049992045
18.932753983118776,5.3493499771220785,3.7076646717564103
19.015788445265972,5.382967087802366,3.7309648809722757
19.098822907413165,5.416963909415909,3.754528269979841
19.181857369560362,5.451350302719504,3.7783616733253167
19.264891831707555,5.486136495498407,3.802472179944409
19.34792629385475,5.521333101258125,3.826867146117711
19.430960756001944,5.556951139115764,3.8515542092575017
19.51399521814914,5.593002054984674,3.8765413025909483
19.597029680296334,5.629497744154672,3.9018366708105843
19.680064142443527,5.666450575379866,3.927448886769716
19.763098604590724,5.703873416596539,3.9533868693076353
19.846133066737917,5.741779662405454,3.9796599022977555
19.929167528885113,5.780183263465972,4.006277655020846
20.012201991032306,5.819098757963961,4.0332502039756175
20.095236453179503,5.85854130533171,4.060588056250176
20.178270915326696,5.898526722416128,4.088302174590421
20.26130537747389,5.939071522311911,4.116404004315516
20.344339839621085,5.980192956098872,4.1449055022462815
20.42737430176828,6.021909057748173,4.17381916782995
20.510408763915475,6.064238692490787,4.203158076664622
20.593443226062668,6.10720160897362,4.232935916648971
20.676477688209864,6.150818495565034,4.263167027007915
20.759512150357057,6.195111041212438,4.2938664404733595
20.84254661250425,6.2401020013009685,4.325049928931222
20.925581074651447,6.285815269014784,4.3567340528823415
21.00861553679864,6.332275952762216,4.388936215106297
21.091649998945837,6.379510460293942,4.421674718964184
21.17468446109303,6.42754659022076,4.454968831830095
21.257718923240226,6.476413631726326,4.488838854202592
21.34075338538742,6.526142473371523,4.5233061951176206
21.423787847534616,6.576765722003954,4.558393454565353
21.50682230968181,6.628317832920136,4.594124513706342
21.589856771829,6.68083525258318,4.630524633789947
21.6728912339762,6.734356575377964,4.667620564802232
21.75592569612339,6.788922716094106,4.705440665014889
21.838960158270588,6.8445771000694,4.744015032774722
21.92199462041778,6.90136587320909,4.783375652069199
22.005029082564977,6.959338134427732,4.82355655363321
22.08806354471217,7.018546193449187,4.8645939936317095
22.171098006859367,7.079045857358932,4.906526652270728
22.25413246900656,7.140896749844682,4.949395855064857
22.337166931153753,7.204162667705062,4.993245819935424
22.42020139330095,7.268911979972146,5.038123933844574
22.503235855448143,7.3352180759105305,5.084081063305955
22.58627031759534,7.4031598692563145,5.13117190387561
22.669304779742532,7.472822367386933,5.179455374646791
22.75233924188973,7.544297315721236,5.228995064887301
22.835373704036922,7.617683929606957,5.279859741314829
22.918408166184115,7.693089728347972,5.332123926165947
23.00144262833131,7.770631488968885,5.385868558255737
23.084477090478504,7.850436340956653,5.441181751749386
23.1675115526257,7.932643027748794,5.498159670506786
23.250546014772894,8.01740336640624,5.556907539790036
23.33358047692009,8.10488394404922,5.617540822072721
23.416614939067284,8.195268098690233,5.680186589966439
23.499649401214477,8.288758243668088,5.744985137299149
23.582683863361673,8.385578609783941,5.812091879705148
23.665718325508866,8.485978498581913,5.881679609492232
23.748752787656063,8.59023616555204,5.953941187111584
23.831787249803256,8.698663485536324,6.029092774777052
23.914821711950456,8.811611597377343,6.107377748802968
23.997856174097645,8.929477785303092,6.189071469130837
24.080890636244842,9.052713937170395,6.274487141785596
24.163925098392035,9.181837034081816,6.363983089288328
24.246959560539228,9.317442286483434,6.457971855359786
24.329994022686424,9.460219760752773,6.556931728902373
24.413028484833617,9.610975672032668,6.6614215021835035
24.496062946980814,9.770660008749582,6.772099617545229
24.579097409128007,9.940402891843393,6.889749368191678
24.662131871275204,10.121563208019557,7.015312606170724
24.745166333422397,10.31579485144141,7.149935654864919
24.828200795569593,10.525138825761635,7.295033145429512
24.911235257716786,10.752154355154582,7.452378890589214
24.99426971986398,11.00011068082927,7.624238819884243
25.077304182011176,11.273276719725345,7.813571743747921
