dataset,t,S
D84,0.0,1.0
D84,0.219,0.99812382739212
D84,0.229,0.9962476547842402
D84,0.254,0.9943714821763602
D84,0.257,0.9924953095684802
D84,0.265,0.9906191369606002
D84,0.265,0.9887429643527202
D84,0.268,0.9868667917448403
D84,0.274,0.9849906191369604
D84,0.281,0.9831144465290805
D84,0.284,0.9812382739212007
D84,0.301,0.9793621013133208
D84,0.331,0.9774859287054408
D84,0.347,0.9756097560975608
D84,0.366,0.973733583489681
D84,0.388,0.971857410881801
D84,0.393,0.9699812382739211
D84,0.413,0.9681050656660412
D84,0.416,0.9662288930581612
D84,0.429,0.9643527204502813
D84,0.441,0.9624765478424014
D84,0.444,0.9606003752345215
D84,0.459,0.9587242026266415
D84,0.47,0.9568480300187616
D84,0.478,0.9549718574108818
D84,0.522,0.9530956848030019
D84,0.567,0.951219512195122
D84,0.576,0.949343339587242
D84,0.734,0.9474671669793622
D84,0.745,0.9455909943714822
D84,0.746,0.9437148217636023
D84,0.802,0.9418386491557224
D84,0.842,0.9399624765478424
D84,0.851,0.9380863039399624
D84,0.858,0.9362101313320824
D84,0.939,0.9343264087338288
D84,0.942,0.932442686135575
D84,1.004,0.9305589635373214
D84,1.004,0.9286752409390677
D84,1.025,0.9267876896363461
D84,1.052,0.9248528510358527
D84,1.074,0.9229139561699494
D84,1.242,0.9208353211335306
D84,1.529,0.9187135807622552
D84,1.531,0.9165869289549352
D84,1.537,0.9144553314457377
D84,1.584,0.9123237339365401
D84,1.585,0.9101921364273425
D84,1.622,0.908060538918145
D84,1.629,0.9059289414089474
D84,1.684,0.9037719677389261
D84,1.795,0.9015730091799506
D84,1.797,0.8993740506209752
D84,1.8,0.8971750920619997
D84,1.857,0.8949707306564421
D84,1.931,0.8927663692508843
D84,2.086,0.8905620078453266
D84,2.202,0.8883576464397689
D84,2.39,0.8861478015481277
D84,2.537,0.8839379566564864
D84,2.59,0.8817281117648452
D84,2.688,0.879518266873204
D84,2.701,0.8773084219815628
D84,2.891,0.8750817508597822
D84,2.936,0.8727849483640873
D84,3.164,0.8704575218351164
D84,3.267,0.8681300953061455
D84,3.498,0.865705150905849
D84,3.519,0.8632802065055525
D84,3.75,0.860855262105256
D84,3.764,0.8584303177049595
D84,4.263,0.8557726387027769
D84,4.266,0.8531066803267557
D84,4.384,0.8503096092437172
D84,4.935,0.8474075286660936
D84,5.311,0.84447532268455
D84,5.512,0.8410284846327762
D84,6.852,0.8366708240906375
D84,7.166,0.8323131635484987
D84,7.514,0.827932567950875
D84,7.544,0.8235519723532513
D84,7.67,0.8191713767556276
D84,8.666,0.8143242088458309
D84,11.655,0.8052761620808773
D84,11.807,0.7961252966026855
D62,0.0,1.0
D62,0.3875560378707204,0.998046875
D62,0.41557753236967,0.99609375
D62,0.4444694200655824,0.994140625
D62,0.4585966568223468,0.9921875
D62,0.5224787319582767,0.990234375
D62,0.7337982825292759,0.98828125
D62,0.7451728659075657,0.986328125
D62,0.746460401411272,0.984375
D62,0.8023103864925267,0.982421875
D62,0.842314290212489,0.98046875
D62,0.8508660611275254,0.978515625
D62,0.8576596757047968,0.9765625
D62,0.9393538525860846,0.974601531124498
D62,0.9421028153774832,0.972640562248996
D62,1.0037928332614665,0.970679593373494
D62,1.0044089148575177,0.968718624497992
D62,1.051764593915674,0.9667046564636926
D62,1.073606519066327,0.9646822617848984
D62,1.241523275413701,0.9625192970723762
D62,1.528577068242879,0.9603167357518444
D62,1.5309408323602909,0.9580989141912166
D62,1.5370501587454466,0.9558759468729076
D62,1.5844677573556598,0.9536529795545984
D62,1.584705556437478,0.9514300122362893
D62,1.6220800991003772,0.9492070449179802
D62,1.629000596157547,0.9469840775996712
D62,1.6842383002156438,0.9447347092443276
D62,1.7953994482855768,0.9424416638335403
D62,1.7966309805444274,0.9401486184227531
D62,1.7995014827999969,0.9378555730119659
D62,1.8571400729273253,0.9355569073918385
D62,1.9311806832655207,0.9332582417717111
D62,2.085666692338566,0.9309595761515838
D62,2.202285611448851,0.9286609105314564
D62,2.3900085369228505,0.9263565410264155
D62,2.5367987180114886,0.9240521715213746
D62,2.589899674945042,0.9217478020163339
D62,2.68828679574436,0.9194434325112931
D62,2.7006996298504933,0.9171390630062524
D62,2.891239061042877,0.9148171919606669
D62,2.891239061042877,0.9124953209150815
D62,2.9359473028736005,0.9101003200727847
D62,3.16390981508644,0.907673385885924
D62,3.266719408364759,0.9052464516990631
D62,3.497535581628666,0.902717830325602
D62,3.5188661368986334,0.9001892089521409
D62,3.7496027866651223,0.89766058757868
D62,3.7637426643240746,0.8951319662052188
D62,4.262801889774682,0.8923606598082986
D62,4.265508720323711,0.889580720058117
D62,4.383552367762259,0.8866640619595658
D62,4.935029829292802,0.8836379047515126
D62,5.311079823502868,0.880580334146836
D62,5.511509813843009,0.8769861287013386
D62,6.852256933404244,0.8724421591225752
D62,7.1655544105347415,0.8678981895438117
D62,7.513570898762367,0.8633303043356864
D62,7.543856216270215,0.858762419127561
D62,7.669949896130694,0.8541945339194357
D62,8.666050857113225,0.8491401283932851
D62,11.654742362540988,0.8397052380778042
D62,11.807145840511051,0.8301631330996473
D56,0.0,1.0
D56,0.388,0.9980237154150198
D56,0.416,0.9960474308300395
D56,0.444,0.9940711462450593
D56,0.459,0.9920948616600791
D56,0.522,0.9901185770750989
D56,0.734,0.9881422924901185
D56,0.745,0.9861660079051383
D56,0.746,0.9841897233201581
D56,0.802,0.9822134387351779
D56,0.842,0.9802371541501976
D56,0.851,0.9782608695652173
D56,0.858,0.9762845849802371
D56,0.939,0.9743002667180821
D56,1.004,0.9723159484559272
D56,1.052,0.9702732678919441
D56,1.074,0.9682262778752945
D56,1.242,0.9660307534356679
D56,1.529,0.9637893827780446
D56,1.531,0.9615427874801936
D56,1.537,0.9592909308350409
D56,1.585,0.9570390741898882
D56,1.622,0.9547872175447356
D56,1.629,0.9525353608995829
D56,1.684,0.9502565681701581
D56,1.795,0.9479332024778107
D56,1.8,0.9456098367854631
D56,1.857,0.9432807485175185
D56,1.931,0.9409516602495741
D56,2.086,0.9386225719816296
D56,2.202,0.936293483713685
D56,2.39,0.9339585872455711
D56,2.537,0.9316236907774572
D56,2.59,0.9292887943093433
D56,2.688,0.9269538978412294
D56,2.701,0.9246190013731155
D56,2.891,0.9222662812678404
D56,2.936,0.9198392647381881
D56,3.164,0.9173798014634871
D56,3.267,0.914920338188786
D56,3.498,0.9123575361210303
D56,3.519,0.9097947340532747
D56,3.75,0.907231931985519
D56,3.764,0.9046691299177633
D56,4.266,0.9018508460239385
D56,4.384,0.8988939580041879
D56,4.935,0.8958260605365967
D56,5.311,0.8927263163824908
D56,5.512,0.8890825354992969
D56,6.852,0.8844758902376425
D56,7.166,0.8798692449759881
D56,7.514,0.8752383542129565
D56,7.544,0.8706074634499249
D56,7.67,0.8659765726868933
D56,8.666,0.8608524509550182
D56,11.655,0.8512874237221847
D56,11.807,0.8416137029980689
