OBJECTID,dist_km,STATE_FOUND,NUMBER_OF_FRAGMENTS,GENERAL_CONDITION,cond
677,0.3875560378707204,Missing,0,Intact severe erosion,intact
448,0.41557753236967,Complete,1,"Intact severe erosion,Damage to left eye and right side of base.  ",intact
524,0.4444694200655824,,1, ,intact
449,0.4585966568223468,Complete,1,Intact severe erosion,intact
450,0.5224787319582767,Complete,1,Intact severe erosion,intact
553,0.7337982825292759,Fragments in Association,2,Broken at neck.,broken
554,0.7451728659075657,Complete,1,Intact severe erosion,intact
555,0.746460401411272,Complete,1,Intact severe erosion,intact
558,0.8023103864925267,Complete,1,Severe erosion to back.  ,intact
133,0.842314290212489,Fragments in Association,3,Broken at nose and shoulders.,broken
556,0.8508660611275254,Fragments in Association,3,Broken at neck.,broken
557,0.8576596757047968,Fragments in Association,2,Broken at neck.,broken
463,0.9393538525860846,Missing,0,Severe erosion.  / Broken at neck.,broken
694,0.9421028153774832,,2, ,broken
461,1.0037928332614665,Missing,0,Severe erosion.  / Broken at chest.,broken
693,1.0044089148575177,,2, ,broken
462,1.051764593915674,Missing,0,Severe erosion.,unknown
341,1.073606519066327,Fragments in Association,1,Broken at face.,broken
342,1.241523275413701,Complete,1,Intact severe erosion,intact
551,1.528577068242879,Complete,1, ,intact
552,1.5309408323602909,Fragments in Association,2,Broken at neck.,broken
132,1.5370501587454466,,1, ,intact
695,1.5844677573556598,,3, ,broken
334,1.584705556437478,Fragments in Association,5,Severe erosion.  / Broken at chest and nose.,broken
611,1.6220800991003772,,1,Intact severe erosion,intact
419,1.629000596157547,Fragments in Association,2, ,broken
612,1.6842383002156438,,1,"Single fragmant, Severe erosion.",unknown
459,1.7953994482855768,Missing,0,Severe erosion.  / Broken at neck.,broken
696,1.7966309805444274,,2, ,broken
337,1.7995014827999969,Fragments in Association,4,"Fragments, Severe damage.  ",broken
338,1.8571400729273253,Fragments in Association,2,Severe erosion on back.  / Broken at neck.,broken
333,1.9311806832655207,Complete,1,Intact severe erosion,intact
613,2.085666692338566,Fragments in Association,2,Fragments  ,broken
335,2.202285611448851,Fragments in Association,2,"Severe erosion.  / Broken at chest, nose, and face.",broken
730,2.3900085369228505,,2, ,broken
619,2.5367987180114886,Complete,0,Severe erosion.,intact
350,2.589899674945042,Complete,1,Missing base on right.  ,intact
54,2.68828679574436,Complete,1,Intact severe erosion,intact
55,2.7006996298504933,Fragments in Association,2,Broken above chin.,broken
411,2.891239061042877,Fragment,1, ,broken
348,2.9359473028736005,Complete,1,"Good preservation on face, severe erosion on back.  ",intact
864,3.16390981508644,Complete,1,"Good preservation on face, severe erosion on back.  ",intact
50,3.266719408364759,Complete,1,"Single fragmant, head only",broken
863,3.497535581628666,Complete,1,Severe erosion to back side.  ,intact
79,3.5188661368986334,Complete,1,Intact ,intact
955,3.7496027866651223,Complete,0,Intact severe erosion,intact
155,3.7637426643240746,Missing,0,Severe erosion. Body (?) features indistinguishable.  / ,unknown
63,4.262801889774682,Fragments in Association,3, ,broken
154,4.265508720323711,Missing,0,Broken above chin and below shoulder.,broken
878,4.383552367762259,Complete,1,Intact severe erosion,intact
961,4.935029829292802,,1,"Single fragmant, Severe erosion.",unknown
861,5.311079823502868,Complete,1,Intact severe erosion,intact
860,5.511509813843009,Complete,1,Intact severe erosion,intact
583,6.852256933404244,Fragments in Association,2,Broken below neck.,broken
582,7.1655544105347415,Fragments in Association,3,Broken at chin and shoulder.,broken
226,7.513570898762367,Missing,0,Severe erosion.  / Broken at neck.,broken
963,7.543856216270215,Missing,0,Severe erosion to back.  ,unknown
962,7.669949896130694,Missing,0,Intact severe erosion,intact
494,8.666050857113225,Complete,1, ,intact
201,11.654742362540988,Complete,1,Severe erosion.  / Broken at top of head.,broken
202,11.807145840511051,Fragments in Association,2,Severe erosion. Top of head missing.  / Broken at neck.,broken
